,,,,,,,,
,Histórico de estoque,,,,,,,
,Data,Produto,,Código,Movimentação,,,Qtd
,01/02/2024 01:10,Stella Latão,,7,Venda,,,-1
,01/02/2024 01:04,Heineken Latão,,3,Venda,,,-3
,01/02/2024 00:57,Coca Cola 2L,,58,Venda,,,-1
,01/02/2024 00:52,Rothmans Azul,,46,Venda,,,-1
,01/02/2024 00:12,Kit Kat ,,92,Venda,,,-1
,31/01/2024 23:55,Rothmans Azul,,46,Venda,,,-1
,31/01/2024 23:55,Spaten Latão,,11,Venda,,,-2
,31/01/2024 23:33,Coca Cola Zero 350ml,,56,Venda,,,-2
,31/01/2024 23:33,Coca Cola 2L,,58,Venda,,,-1
,31/01/2024 23:30,Coca Cola Zero 350ml,,56,Venda,,,-1
,,,,,,,,
,1,, / 145,,,,"Gerado em 03/04/24
21:59:59",
,,,,,,,,
,,,,,,,,
,Histórico de estoque,,,,,,,
,Data,Produto,,Código,Movimentação,,,Qtd
,31/01/2024 23:29,Spaten Latão,,11,Venda,,,-1
,31/01/2024 23:19,Guaraná UAI 2L,,176,Venda,,,-2
,31/01/2024 23:19,Pink Moon 600ml,,117,Venda,,,-1
,31/01/2024 23:19,"Guaraná Antarctica 1,5L",,181,Venda,,,-1
,31/01/2024 23:09,Heineken Latão,,3,Venda,,,-4
,31/01/2024 23:03,Itaipava Latão,,28,Venda,,,-9
,31/01/2024 22:26,Itaipava Latão,,28,Venda,,,-1
,31/01/2024 22:18,Coca Cola Zero 350ml,,56,Venda,,,-1
,31/01/2024 22:18,Petra Latão,,30,Venda,,,-7
,31/01/2024 22:18,Malboro Vista Purple,,41,Venda,,,-1
,,,,,,,,
,2,, / 145,,,,"Gerado em 03/04/24
21:59:59",
,,,,,,,,
,,,,,,,,
,Histórico de estoque,,,,,,,
,Data,Produto,,Código,Movimentação,,,Qtd
,31/01/2024 22:02,Amstel Latão,,26,Venda,,,-5
,31/01/2024 21:57,Babbaloo,,97,Venda,,,-1
,31/01/2024 21:57,Fandangos 115g,,87,Venda,,,-1
,31/01/2024 21:51,Rothmans Azul,,46,Venda,,,-1
,31/01/2024 21:51,Itaipava Latão,,28,Venda,,,-6
,31/01/2024 21:45,Pink Moon 600ml,,117,Venda,,,-2
,31/01/2024 21:30,Itaipava Latão,,28,Venda,,,-3
,31/01/2024 21:18,Zumbitos Churrasco 100g,,188,Venda,,,-1
,31/01/2024 21:13,Rothmans Azul,,46,Venda,,,-1
,31/01/2024 21:04,Itaipava Latão,,28,Venda,,,-1
,,,,,,,,
,3,, / 145,,,,"Gerado em 03/04/24
21:59:59",
,,,,,,,,
,,,,,,,,
,Histórico de estoque,,,,,,,
,Data,Produto,,Código,Movimentação,,,Qtd
,31/01/2024 20:52,Spaten Latão,,11,Venda,,,-6
,31/01/2024 20:51,Rothmans Azul,,46,Venda,,,-1
,31/01/2024 20:48,Itaipava Latão,,28,Venda,,,-1
,31/01/2024 20:46,Isqueiro Max,,48,Venda,,,-1
,31/01/2024 20:46,Cachaça Chora Rita,,113,Venda,,,-1
,31/01/2024 20:46,Dunhill Calton,,45,Venda,,,-1
,31/01/2024 20:41,Itaipava Latão,,28,Venda,,,-1
,31/01/2024 20:38,Redbull Sugar free 250ml,,170,Venda,,,-1
,31/01/2024 19:24,Coca Cola 2L,,58,Venda,,,-3
,31/01/2024 19:20,Cachaça Chora Rita,,113,Venda,,,-1
,,,,,,,,
,4,, / 145,,,,"Gerado em 03/04/24
21:59:59",
,,,,,,,,
,,,,,,,,
,Histórico de estoque,,,,,,,
,Data,Produto,,Código,Movimentação,,,Qtd
,31/01/2024 18:28,Rothmans Azul,,46,Produto,,,-1
,31/01/2024 18:25,Coca Cola 2L,,58,Venda,,,-1
,31/01/2024 18:25,Babbaloo,,97,Venda,,,-2
,31/01/2024 18:16,Roth Longo internacional,,199,Produto,,,+1
,31/01/2024 18:11,Rothmans Azul,,46,Venda,,,-1
,31/01/2024 18:02,Ice Off 275ml,,78,Venda,,,-1
,31/01/2024 17:50,Roth Longo internacional,,199,Venda,,,-1
,31/01/2024 17:40,Itaipava Latão,,28,Venda,,,-1
,31/01/2024 17:06,"Guaraná Antarctica 1,5L",,181,Venda,,,-1
,31/01/2024 16:34,Heineken Long Neck,,1,Venda,,,-4
,,,,,,,,
,5,, / 145,,,,"Gerado em 03/04/24
21:59:59",
,,,,,,,,
,,,,,,,,
,Histórico de estoque,,,,,,,
,Data,Produto,,Código,Movimentação,,,Qtd
,31/01/2024 16:01,Guaraná 350ml,,62,Corrigiu,,,17
,31/01/2024 14:11,Suco Dell Vale Laranja 1L,,116,Venda,,,-1
,31/01/2024 14:11,Suco Dell Vale Uva 1L,,115,Venda,,,-1
,31/01/2024 14:11,Coca Cola 2L Retornável,,60,Venda,,,-2
,31/01/2024 14:11,Guaraná Antártica 2L,,61,Venda,,,-3
,31/01/2024 14:11,Sprite 2L,,146,Venda,,,-1
,31/01/2024 14:11,Fanta Uva 2L,,65,Venda,,,-1
,31/01/2024 14:11,Fanta Laranja 2L,,63,Venda,,,-1
,31/01/2024 01:07,Petra Latão,,30,Venda,,,-4
,31/01/2024 01:06,Dunhill Calton,,45,Venda,,,-1
,,,,,,,,
,6,, / 145,,,,"Gerado em 03/04/24
21:59:59",
,,,,,,,,
,,,,,,,,
,Histórico de estoque,,,,,,,
,Data,Produto,,Código,Movimentação,,,Qtd
,31/01/2024 01:06,Itaipava Latão,,28,Venda,,,-6
,31/01/2024 01:00,Zumbitos Costela na brasa 100g,,189,Venda,,,-1
,31/01/2024 00:54,Rothmans Azul,,46,Venda,,,-1
,31/01/2024 00:48,Cachaça Chora Rita,,113,Venda,,,-1
,31/01/2024 00:16,Rothmans Global,,177,Venda,,,-1
,31/01/2024 00:16,Itaipava Latão,,28,Venda,,,-3
,31/01/2024 00:14,Água Tônica 350ml,,36,Venda,,,-2
,31/01/2024 00:07,Petra Latão,,30,Venda,,,-3
,31/01/2024 00:07,Malboro Vista Purple,,41,Venda,,,-1
,31/01/2024 00:05,Lucky Strike Double Fresh,,44,Venda,,,-1
,,,,,,,,
,7,, / 145,,,,"Gerado em 03/04/24
21:59:59",
,,,,,,,,
,,,,,,,,
,Histórico de estoque,,,,,,,
,Data,Produto,,Código,Movimentação,,,Qtd
,31/01/2024 00:00,Coca Cola Zero 350ml,,56,Venda,,,-2
,31/01/2024 00:00,Coca Cola 2L,,58,Venda,,,-1
,30/01/2024 23:33,Itaipava Latão,,28,Venda,,,-1
,30/01/2024 23:31,Amstel Latão,,26,Venda,,,-6
,30/01/2024 23:25,Sprite 2L,,146,Venda,,,-1
,30/01/2024 23:21,Dunhill Calton,,45,Venda,,,-1
,30/01/2024 23:02,Petra Latão,,30,Venda,,,-1
,30/01/2024 23:01,Monster Ultra 473ml,,73,Venda,,,-1
,30/01/2024 23:00,Heineken Latão,,3,Venda,,,-6
,30/01/2024 22:43,Isqueiro Mini,,49,Venda,,,-1
,,,,,,,,
,8,, / 145,,,,"Gerado em 03/04/24
21:59:59",
,,,,,,,,
,,,,,,,,
,Histórico de estoque,,,,,,,
,Data,Produto,,Código,Movimentação,,,Qtd
,30/01/2024 22:43,Itaipava Latão,,28,Venda,,,-1
,30/01/2024 22:38,Dunhill Calton,,45,Venda,,,-1
,30/01/2024 22:38,Spaten 600ml ,,12,Venda,,,-5
,30/01/2024 22:25,Amstel Latão,,26,Venda,,,-1
,30/01/2024 22:25,Heineken Long Neck,,1,Venda,,,-2
,30/01/2024 22:24,Spaten Latão,,11,Venda,,,-1
,30/01/2024 22:12,Fanta Uva 350ml,,66,Venda,,,-1
,30/01/2024 22:10,Pink Moon 600ml,,117,Venda,,,-2
,30/01/2024 22:08,Itaipava Latão,,28,Venda,,,-1
,30/01/2024 21:58,Coca Cola 2L,,58,Venda,,,-1
,,,,,,,,
,9,, / 145,,,,"Gerado em 03/04/24
21:59:59",
,,,,,,,,
,,,,,,,,
,Histórico de estoque,,,,,,,
,Data,Produto,,Código,Movimentação,,,Qtd
,30/01/2024 21:46,Sprite 2L,,146,Venda,,,-1
,30/01/2024 21:43,Rothmans Vermelho,,47,Produto,,,-1
,30/01/2024 21:43,Rothmans Vermelho,,47,Produto,,,-1
,30/01/2024 21:40,Amstel Latão,,26,Venda,,,-6
,30/01/2024 21:37,Zumbitos Costela na brasa 100g,,189,Produto,,,-1
,30/01/2024 21:36,Guaraná UAI 2L,,176,Produto,,,-1
,30/01/2024 21:36,Coca Cola 2L,,58,Produto,,,+1
,30/01/2024 21:33,Coca Cola 2L,,58,Venda,,,-1
,30/01/2024 21:33,Zumbitos Cebola 100g,,186,Venda,,,-1
,30/01/2024 21:33,Zumbitos Churrasco 100g,,188,Venda,,,-1
,,,,,,,,
,10,, / 145,,,,"Gerado em 03/04/24
21:59:59",
,,,,,,,,
,,,,,,,,
,Histórico de estoque,,,,,,,
,Data,Produto,,Código,Movimentação,,,Qtd
,30/01/2024 21:30,Lucky Strike Double Fresh,,44,Venda,,,-1
,30/01/2024 21:30,Itaipava Latão,,28,Venda,,,-2
,30/01/2024 21:03,Coca Cola 2L Retornável,,60,Venda,,,-1
,30/01/2024 20:59,Itaipava Latão,,28,Venda,,,-3
,30/01/2024 20:59,Brahma Latão,,19,Venda,,,-1
,30/01/2024 20:37,Cachaça Chora Rita,,113,Venda,,,-1
,30/01/2024 20:33,Brahma Latão,,19,Venda,,,-1
,30/01/2024 20:16,Fanta Laranja 2L,,63,Venda,,,-1
,30/01/2024 20:16,Itaipava Latão,,28,Venda,,,-3
,30/01/2024 19:59,Rothmans Global,,177,Venda,,,-1
,,,,,,,,
,11,, / 145,,,,"Gerado em 03/04/24
21:59:59",
,,,,,,,,
,,,,,,,,
,Histórico de estoque,,,,,,,
,Data,Produto,,Código,Movimentação,,,Qtd
,30/01/2024 19:48,Amstel Latão,,26,Produto,,,+48
,30/01/2024 19:47,Amstel 1L,,27,Produto,,,+24
,30/01/2024 19:45,Lucky Strike Vermelho,,43,Venda,,,-1
,30/01/2024 19:31,Itaipava Latão,,28,Venda,,,-3
,30/01/2024 19:30,Itaipava Latão,,28,Venda,,,-3
,30/01/2024 18:41,Itaipava Latão,,28,Venda,,,-3
,30/01/2024 18:07,Itaipava Latão,,28,Venda,,,-3
,30/01/2024 17:06,Rothmans Azul,,46,Venda,,,-1
,30/01/2024 16:55,Coca Cola 350ml,,55,Venda,,,-1
,30/01/2024 16:41,Gelo de Coco,,118,Venda,,,-1
,,,,,,,,
,12,, / 145,,,,"Gerado em 03/04/24
21:59:59",
,,,,,,,,
,,,,,,,,
,Histórico de estoque,,,,,,,
,Data,Produto,,Código,Movimentação,,,Qtd
,30/01/2024 16:41,Fanta Uva 350ml,,66,Venda,,,-1
,30/01/2024 16:41,Corote Blueberry,,151,Venda,,,-1
,30/01/2024 16:33,Guaraná 350ml,,62,Venda,,,-1
,30/01/2024 15:59,Coca Cola 2L,,58,Venda,,,-1
,30/01/2024 15:54,Monster Pipeline,,75,Venda,,,-1
,30/01/2024 15:47,Rothmans Azul,,46,Venda,,,-1
,30/01/2024 15:45,"Guaraná Antarctica 1,5L",,181,Venda,,,-1
,30/01/2024 15:32,Coca Cola 350ml,,55,Venda,,,-1
,30/01/2024 15:17,Coca Cola 2L,,58,Venda,,,-1
,30/01/2024 15:17,Monster Ultra 473ml,,73,Venda,,,-1
,,,,,,,,
,13,, / 145,,,,"Gerado em 03/04/24
21:59:59",
,,,,,,,,
,,,,,,,,
,Histórico de estoque,,,,,,,
,Data,Produto,,Código,Movimentação,,,Qtd
,30/01/2024 15:13,Itaipava 1L,,29,Venda,,,-1
,30/01/2024 15:11,Dunhill Calton,,45,Venda,,,-1
,30/01/2024 14:00,Itaipava 1L,,29,Corrigiu,,,43
,30/01/2024 13:59,Itaipava 1L,,29,Produto,,,+36
,30/01/2024 01:02,Itaipava Latão,,28,Venda,,,-3
,30/01/2024 00:39,Coca Cola 2L,,58,Venda,,,-1
,30/01/2024 00:39,Heineken Long Neck,,1,Venda,,,-1
,30/01/2024 00:37,Corona Long Neck,,23,Venda,,,-1
,30/01/2024 00:37,Coca Cola 2L,,58,Venda,,,-1
,30/01/2024 00:36,Malboro Ice Burst,,42,Venda,,,-1
,,,,,,,,
,14,, / 145,,,,"Gerado em 03/04/24
21:59:59",
,,,,,,,,
,,,,,,,,
,Histórico de estoque,,,,,,,
,Data,Produto,,Código,Movimentação,,,Qtd
,30/01/2024 00:36,Amstel Latão,,26,Venda,,,-3
,30/01/2024 00:21,Coca Cola 2L,,58,Venda,,,-1
,30/01/2024 00:21,Heineken Latão,,3,Venda,,,-13
,30/01/2024 00:17,Dunhill Calton,,45,Venda,,,-1
,30/01/2024 00:15,Império Branca Latão,,31,Venda,,,-3
,29/01/2024 23:55,Fanta Laranja 2L,,63,Venda,,,-1
,29/01/2024 23:52,Rothmans Azul,,46,Venda,,,-1
,29/01/2024 23:40,Bohemia Latão,,22,Venda,,,-1
,29/01/2024 23:27,Amstel Latão,,26,Venda,,,-2
,29/01/2024 23:24,Fanta Laranja 2L,,63,Venda,,,-1
,,,,,,,,
,15,, / 145,,,,"Gerado em 03/04/24
21:59:59",
,,,,,,,,
,,,,,,,,
,Histórico de estoque,,,,,,,
,Data,Produto,,Código,Movimentação,,,Qtd
,29/01/2024 23:22,Coca Cola Zero 2L,,57,Venda,,,-1
,29/01/2024 23:18,Doritos 140g,,82,Venda,,,-1
,29/01/2024 23:16,Heineken Latão,,3,Venda,,,-4
,29/01/2024 23:13,Dunhill Calton,,45,Venda,,,-1
,29/01/2024 23:00,Big Big,,150,Produto,,,-1
,29/01/2024 22:58,Dunhill Calton,,45,Venda,,,-1
,29/01/2024 22:57,Amstel 1L,,27,Venda,,,-1
,29/01/2024 22:57,Baton,,95,Venda,,,-1
,29/01/2024 22:53,Zumbitos Churrasco 100g,,188,Venda,,,-1
,29/01/2024 22:53,Heineken 600ml,,4,Venda,,,-3
,,,,,,,,
,16,, / 145,,,,"Gerado em 03/04/24
21:59:59",
,,,,,,,,
,,,,,,,,
,Histórico de estoque,,,,,,,
,Data,Produto,,Código,Movimentação,,,Qtd
,29/01/2024 22:29,Lucky Strike Double Fresh,,44,Venda,,,-1
,29/01/2024 22:27,Brahma Duplo Malte 473ml,,20,Venda,,,-2
,29/01/2024 21:59,Brahma Latão,,19,Venda,,,-1
,29/01/2024 21:58,Spaten Latão,,11,Venda,,,-1
,29/01/2024 21:27,Lucky Strike Double Fresh,,44,Venda,,,-1
,29/01/2024 21:19,Itaipava Latão,,28,Venda,,,-3
,29/01/2024 21:12,Cachaça Chora Rita,,113,Venda,,,-1
,29/01/2024 21:12,Rothmans Global,,177,Venda,,,-1
,29/01/2024 20:23,Big Big,,150,Venda,,,-1
,29/01/2024 20:23,Sprite 2L,,146,Venda,,,-1
,,,,,,,,
,17,, / 145,,,,"Gerado em 03/04/24
21:59:59",
,,,,,,,,
,,,,,,,,
,Histórico de estoque,,,,,,,
,Data,Produto,,Código,Movimentação,,,Qtd
,29/01/2024 20:23,Fanta Laranja 2L,,63,Venda,,,-1
,29/01/2024 19:48,Cachaça Chora Rita,,113,Venda,,,-1
,29/01/2024 19:25,Itaipava Latão,,28,Venda,,,-3
,29/01/2024 18:53,Itaipava Latão,,28,Venda,,,-1
,29/01/2024 18:21,Coca Cola 2L,,58,Venda,,,-1
,29/01/2024 17:51,Coca Cola Zero 350ml,,56,Corrigiu,,,14
,29/01/2024 17:46,Itaipava Latão,,28,Corrigiu,,,148
,29/01/2024 17:45,Heineken Latão,,3,Corrigiu,,,50
,29/01/2024 17:44,Heineken Zero 350ml,,2,Corrigiu,,,25
,29/01/2024 17:44,Amstel Latão,,26,Corrigiu,,,80
,,,,,,,,
,18,, / 145,,,,"Gerado em 03/04/24
21:59:59",
,,,,,,,,
,,,,,,,,
,Histórico de estoque,,,,,,,
,Data,Produto,,Código,Movimentação,,,Qtd
,29/01/2024 17:43,Rothmans Azul,,46,Venda,,,-1
,29/01/2024 17:28,Fanta Uva 350ml,,66,Venda,,,-1
,29/01/2024 16:03,Cachaça Chora Rita,,113,Venda,,,-1
,29/01/2024 15:34,Monster Ultra 473ml,,73,Venda,,,-1
,29/01/2024 15:34,Monster Pipeline,,75,Venda,,,-1
,29/01/2024 15:34,Coca Cola 2L,,58,Venda,,,-1
,29/01/2024 15:28,Lucky Strike Vermelho,,43,Venda,,,-1
,29/01/2024 14:51,"Guaraná Antarctica 1,5L",,181,Venda,,,-1
,29/01/2024 01:21,Corote Maracujá,,152,Corrigiu,,,0
,29/01/2024 01:21,Cachaça Caranguejo 1L,,112,Corrigiu,,,0
,,,,,,,,
,19,, / 145,,,,"Gerado em 03/04/24
21:59:59",
,,,,,,,,
,,,,,,,,
,Histórico de estoque,,,,,,,
,Data,Produto,,Código,Movimentação,,,Qtd
,29/01/2024 01:17,TNT Juice Mango 473ml,,69,Corrigiu,,,0
,29/01/2024 01:17,TNT Original,,68,Corrigiu,,,0
,28/01/2024 21:16,Itaipava 1L,,29,Venda,,,-2
,28/01/2024 20:51,Dunhill Calton,,45,Venda,,,-1
,28/01/2024 20:43,Amstel Latão,,26,Venda,,,-8
,28/01/2024 20:39,RedBull 250ml,,70,Venda,,,-1
,28/01/2024 20:31,Fanta Uva 2L,,65,Venda,,,-1
,28/01/2024 20:31,Coca Cola 2L,,58,Venda,,,-1
,28/01/2024 19:57,Rothmans Global,,177,Venda,,,-1
,28/01/2024 19:30,Rothmans Global,,177,Venda,,,-1
,,,,,,,,
,20,, / 145,,,,"Gerado em 03/04/24
21:59:59",
,,,,,,,,
,,,,,,,,
,Histórico de estoque,,,,,,,
,Data,Produto,,Código,Movimentação,,,Qtd
,28/01/2024 19:28,Itaipava Latão,,28,Venda,,,-1
,28/01/2024 19:10,Pirulito,,93,Venda,,,-2
,28/01/2024 19:10,Doritos 140g,,82,Venda,,,-1
,28/01/2024 19:05,Coca Cola 350ml,,55,Venda,,,-1
,28/01/2024 19:05,Coca Cola 2L,,58,Venda,,,-1
,28/01/2024 18:13,Itaipava Latão,,28,Venda,,,-6
,28/01/2024 18:13,Coca Cola 2L,,58,Venda,,,-1
,28/01/2024 17:51,Coca Cola 350ml,,55,Venda,,,-1
,28/01/2024 17:51,Amstel 1L,,27,Venda,,,-10
,28/01/2024 17:23,Amstel Latão,,26,Venda,,,-12
,,,,,,,,
,21,, / 145,,,,"Gerado em 03/04/24
21:59:59",
,,,,,,,,
,,,,,,,,
,Histórico de estoque,,,,,,,
,Data,Produto,,Código,Movimentação,,,Qtd
,28/01/2024 16:59,Fanta Laranja 2L,,63,Venda,,,-1
,28/01/2024 16:56,Brahma Latão,,19,Venda,,,-1
,28/01/2024 16:56,Heineken Latão,,3,Venda,,,-2
,28/01/2024 16:37,Lucky Strike Double Fresh,,44,Venda,,,-1
,28/01/2024 16:32,"Guaraná Antarctica 1,5L",,181,Venda,,,-1
,28/01/2024 16:22,Itaipava Latão,,28,Venda,,,-3
,28/01/2024 16:15,Babbaloo,,97,Venda,,,-1
,28/01/2024 16:15,Coca Cola 350ml,,55,Venda,,,-1
,28/01/2024 16:15,Itaipava Latão,,28,Venda,,,-1
,28/01/2024 16:11,Itaipava Latão,,28,Venda,,,-1
,,,,,,,,
,22,, / 145,,,,"Gerado em 03/04/24
21:59:59",
,,,,,,,,
,,,,,,,,
,Histórico de estoque,,,,,,,
,Data,Produto,,Código,Movimentação,,,Qtd
,28/01/2024 16:08,Itaipava 1L,,29,Venda,,,-1
,28/01/2024 16:03,Itaipava Latão,,28,Venda,,,-3
,28/01/2024 16:01,Coca Cola 2L,,58,Venda,,,-1
,28/01/2024 15:59,Rothmans Azul,,46,Venda,,,-1
,28/01/2024 15:59,Start 2L,,71,Venda,,,-1
,28/01/2024 15:59,Whisky Black Fire 1L,,105,Venda,,,-1
,28/01/2024 15:58,Brahma Latão,,19,Venda,,,-1
,28/01/2024 15:54,Start 2L,,71,Venda,,,-1
,28/01/2024 15:54,Lucky Strike Double Fresh,,44,Venda,,,-1
,28/01/2024 15:53,Dunhill Calton,,45,Venda,,,-1
,,,,,,,,
,23,, / 145,,,,"Gerado em 03/04/24
21:59:59",
,,,,,,,,
,,,,,,,,
,Histórico de estoque,,,,,,,
,Data,Produto,,Código,Movimentação,,,Qtd
,28/01/2024 15:51,Itaipava Latão,,28,Venda,,,-3
,28/01/2024 15:46,Rothmans Azul,,46,Venda,,,-1
,28/01/2024 15:45,"Guaraná Antarctica 1,5L",,181,Venda,,,-1
,28/01/2024 15:26,Itaipava Latão,,28,Venda,,,-3
,28/01/2024 15:24,Guaraná UAI 2L,,176,Venda,,,-2
,28/01/2024 15:14,Coca Cola 2L,,58,Venda,,,-1
,28/01/2024 15:06,Fanta Laranja 2L,,63,Venda,,,-1
,28/01/2024 15:06,"Guaraná Antarctica 1,5L",,181,Venda,,,-1
,28/01/2024 15:06,Amstel Latão,,26,Venda,,,-12
,28/01/2024 14:58,Itaipava Latão,,28,Venda,,,-9
,,,,,,,,
,24,, / 145,,,,"Gerado em 03/04/24
21:59:59",
,,,,,,,,
,,,,,,,,
,Histórico de estoque,,,,,,,
,Data,Produto,,Código,Movimentação,,,Qtd
,28/01/2024 14:50,Itaipava 1L,,29,Venda,,,-1
,28/01/2024 14:47,Ice Off 275ml,,78,Venda,,,-3
,28/01/2024 14:47,Itaipava Latão,,28,Venda,,,-6
,28/01/2024 14:43,Sprite 2L,,146,Venda,,,-1
,28/01/2024 14:41,Lucky Strike Vermelho,,43,Venda,,,-1
,28/01/2024 14:41,Itaipava Latão,,28,Venda,,,-3
,28/01/2024 14:36,Corona Long Neck,,23,Venda,,,-2
,28/01/2024 14:36,Heineken 600ml,,4,Venda,,,-3
,28/01/2024 14:25,Guaraná UAI 2L,,176,Corrigiu,,,40
,28/01/2024 14:25,Fanta Uva 350ml,,66,Corrigiu,,,5
,,,,,,,,
,25,, / 145,,,,"Gerado em 03/04/24
21:59:59",
,,,,,,,,
,,,,,,,,
,Histórico de estoque,,,,,,,
,Data,Produto,,Código,Movimentação,,,Qtd
,28/01/2024 14:25,Guaraná 350ml,,62,Corrigiu,,,0
,28/01/2024 14:25,Guaraná Antártica 2L,,61,Corrigiu,,,12
,28/01/2024 14:25,Coca Cola Zero 350ml,,56,Corrigiu,,,13
,28/01/2024 14:21,"Guaraná Antarctica 1,5L",,181,Corrigiu,,,15
,28/01/2024 14:21,Coca Cola 2L Retornável,,60,Corrigiu,,,28
,28/01/2024 14:21,Coca Cola 2L,,58,Corrigiu,,,32
,28/01/2024 14:21,Coca Cola 350ml,,55,Corrigiu,,,23
,28/01/2024 14:18,Brahma 1L,,21,Corrigiu,,,11
,28/01/2024 14:17,Itaipava 1L,,29,Produto,,,+11
,28/01/2024 14:15,Coca Cola 350ml,,55,Venda,,,-1
,,,,,,,,
,26,, / 145,,,,"Gerado em 03/04/24
21:59:59",
,,,,,,,,
,,,,,,,,
,Histórico de estoque,,,,,,,
,Data,Produto,,Código,Movimentação,,,Qtd
,28/01/2024 14:12,Brahma Malzbier 350ml,,18,Corrigiu,,,0
,28/01/2024 14:05,Dunhill Calton,,45,Venda,,,-1
,28/01/2024 14:05,Itaipava Latão,,28,Venda,,,-12
,28/01/2024 13:45,Spaten Long Neck,,10,Produto,,,-1
,28/01/2024 13:45,Stella Long Neck,,6,Produto,,,-0
,28/01/2024 13:41,Heineken Long Neck,,1,Produto,,,-1
,28/01/2024 13:37,It Cola 2L,,144,Produto,,,-1
,28/01/2024 13:36,Coca Cola 350ml,,55,Venda,,,-1
,28/01/2024 13:20,Rothmans Azul,,46,Venda,,,-1
,28/01/2024 13:20,Spaten Latão,,11,Venda,,,-4
,,,,,,,,
,27,, / 145,,,,"Gerado em 03/04/24
21:59:59",
,,,,,,,,
,,,,,,,,
,Histórico de estoque,,,,,,,
,Data,Produto,,Código,Movimentação,,,Qtd
,28/01/2024 01:29,Brahma Latão,,19,Venda,,,-1
,28/01/2024 01:29,Ice Off 275ml,,78,Venda,,,-3
,28/01/2024 00:58,Ice Off 275ml,,78,Venda,,,-3
,28/01/2024 00:51,Itaipava 1L,,29,Venda,,,-1
,28/01/2024 00:42,Brahma Latão,,19,Venda,,,-3
,28/01/2024 00:37,Amstel Latão,,26,Venda,,,-3
,28/01/2024 00:20,Coca Cola Zero 2L,,57,Venda,,,-2
,28/01/2024 00:18,Guaraná UAI 2L,,176,Venda,,,-1
,28/01/2024 00:18,Itaipava Latão,,28,Venda,,,-3
,28/01/2024 00:18,Lucky Strike Vermelho,,43,Venda,,,-1
,,,,,,,,
,28,, / 145,,,,"Gerado em 03/04/24
21:59:59",
,,,,,,,,
,,,,,,,,
,Histórico de estoque,,,,,,,
,Data,Produto,,Código,Movimentação,,,Qtd
,28/01/2024 00:08,Rothmans Azul,,46,Venda,,,-1
,27/01/2024 23:45,Lucky Strike Vermelho,,43,Venda,,,-1
,27/01/2024 23:40,Itaipava Latão,,28,Venda,,,-6
,27/01/2024 23:26,Amstel Latão,,26,Venda,,,-7
,27/01/2024 23:21,Itaipava 1L,,29,Venda,,,-3
,27/01/2024 23:12,Coca Cola 2L,,58,Venda,,,-1
,27/01/2024 23:11,Seda BB,,53,Venda,,,-1
,27/01/2024 23:05,Cachaça Chora Rita,,113,Venda,,,-1
,27/01/2024 23:03,Dunhill Calton,,45,Venda,,,-1
,27/01/2024 22:58,Guaraná UAI 2L,,176,Venda,,,-1
,,,,,,,,
,29,, / 145,,,,"Gerado em 03/04/24
21:59:59",
,,,,,,,,
,,,,,,,,
,Histórico de estoque,,,,,,,
,Data,Produto,,Código,Movimentação,,,Qtd
,27/01/2024 22:54,Itaipava Latão,,28,Venda,,,-1
,27/01/2024 22:54,Amstel Latão,,26,Venda,,,-6
,27/01/2024 22:25,Ice Off 275ml,,78,Venda,,,-3
,27/01/2024 22:18,Água c/gás 510ml,,35,Venda,,,-1
,27/01/2024 22:18,Sprite 2L,,146,Venda,,,-1
,27/01/2024 22:18,Coca Cola Zero 2L,,57,Venda,,,-1
,27/01/2024 22:18,Coca Cola 2L,,58,Venda,,,-1
,27/01/2024 22:01,Itaipava 1L,,29,Venda,,,-1
,27/01/2024 22:01,Itaipava Latão,,28,Venda,,,-1
,27/01/2024 21:48,Heineken Latão,,3,Venda,,,-1
,,,,,,,,
,30,, / 145,,,,"Gerado em 03/04/24
21:59:59",
,,,,,,,,
,,,,,,,,
,Histórico de estoque,,,,,,,
,Data,Produto,,Código,Movimentação,,,Qtd
,27/01/2024 21:45,Heineken Latão,,3,Venda,,,-3
,27/01/2024 21:44,Spaten Latão,,11,Venda,,,-3
,27/01/2024 21:42,Lucky Strike Vermelho,,43,Venda,,,-1
,27/01/2024 21:42,Cachaça Chora Rita,,113,Venda,,,-1
,27/01/2024 21:41,Heineken Latão,,3,Venda,,,-12
,27/01/2024 21:33,Itaipava Latão,,28,Venda,,,-6
,27/01/2024 20:38,Itaipava Latão,,28,Venda,,,-6
,27/01/2024 20:20,Skol Latão,,25,Venda,,,-3
,27/01/2024 20:14,Itaipava Latão,,28,Venda,,,-4
,27/01/2024 20:14,Antarctica Latão,,14,Venda,,,-1
,,,,,,,,
,31,, / 145,,,,"Gerado em 03/04/24
21:59:59",
,,,,,,,,
,,,,,,,,
,Histórico de estoque,,,,,,,
,Data,Produto,,Código,Movimentação,,,Qtd
,27/01/2024 19:41,Fandangos 37g,,88,Venda,,,-1
,27/01/2024 19:41,Água s/gás 510ml,,38,Venda,,,-1
,27/01/2024 19:41,Itaipava 1L,,29,Venda,,,-1
,27/01/2024 19:41,Heineken Zero Long Neck,,195,Venda,,,-1
,27/01/2024 19:41,Trident Menta,,98,Venda,,,-1
,27/01/2024 19:27,"Guaraná Antarctica 1,5L",,181,Venda,,,-1
,27/01/2024 19:20,Coca Cola 2L,,58,Venda,,,-1
,27/01/2024 18:59,Água s/gás 510ml,,38,Venda,,,-1
,27/01/2024 18:59,Malboro Vista Purple,,41,Venda,,,-1
,27/01/2024 18:59,Coca Cola 2L,,58,Venda,,,-1
,,,,,,,,
,32,, / 145,,,,"Gerado em 03/04/24
21:59:59",
,,,,,,,,
,,,,,,,,
,Histórico de estoque,,,,,,,
,Data,Produto,,Código,Movimentação,,,Qtd
,27/01/2024 18:52,Itaipava Latão,,28,Venda,,,-1
,27/01/2024 18:52,Rothmans Azul,,46,Venda,,,-1
,27/01/2024 18:32,Bala Halls Menta,,158,Venda,,,-1
,27/01/2024 18:32,Água s/gás 510ml,,38,Venda,,,-1
,27/01/2024 18:30,Itaipava Latão,,28,Venda,,,-3
,27/01/2024 18:29,Itaipava Latão,,28,Venda,,,-1
,27/01/2024 17:51,Coca Cola 2L,,58,Venda,,,-1
,27/01/2024 17:45,Pirulito,,93,Venda,,,-1
,27/01/2024 17:45,Itaipava 1L,,29,Venda,,,-1
,27/01/2024 17:13,Coca Cola 2L,,58,Venda,,,-1
,,,,,,,,
,33,, / 145,,,,"Gerado em 03/04/24
21:59:59",
,,,,,,,,
,,,,,,,,
,Histórico de estoque,,,,,,,
,Data,Produto,,Código,Movimentação,,,Qtd
,27/01/2024 16:44,Itaipava Latão,,28,Venda,,,-3
,27/01/2024 16:27,Paçoca,,96,Venda,,,-1
,27/01/2024 16:24,Coca Cola 2L Retornável,,60,Venda,,,-1
,27/01/2024 16:07,Rothmans Global,,177,Produto,,,+10
,27/01/2024 16:07,Lucky Strike Vermelho,,43,Produto,,,+10
,27/01/2024 15:51,Coca Cola 2L,,58,Venda,,,-1
,27/01/2024 15:51,Fanta Uva 2L,,65,Venda,,,-1
,27/01/2024 15:51,Stella Latão,,7,Venda,,,-6
,27/01/2024 15:31,Dunhill Calton,,45,Venda,,,-1
,27/01/2024 15:30,Stella Latão,,7,Venda,,,-1
,,,,,,,,
,34,, / 145,,,,"Gerado em 03/04/24
21:59:59",
,,,,,,,,
,,,,,,,,
,Histórico de estoque,,,,,,,
,Data,Produto,,Código,Movimentação,,,Qtd
,27/01/2024 15:13,Coca Cola 2L,,58,Venda,,,-1
,27/01/2024 14:38,Coca Cola 2L,,58,Venda,,,-1
,27/01/2024 14:38,Ice Off 275ml,,78,Venda,,,-3
,27/01/2024 14:38,Brahma 1L,,21,Venda,,,-2
,27/01/2024 14:30,Stella Long Neck,,6,Venda,,,-6
,27/01/2024 14:28,Guaraná UAI 2L,,176,Venda,,,-1
,27/01/2024 14:25,Cachaça Chora Rita,,113,Venda,,,-1
,27/01/2024 02:13,Zumbitos Costela na brasa 100g,,189,Venda,,,-1
,27/01/2024 02:13,Mentos,,200,Venda,,,-1
,27/01/2024 01:53,Heineken Long Neck,,1,Venda,,,-2
,,,,,,,,
,35,, / 145,,,,"Gerado em 03/04/24
21:59:59",
,,,,,,,,
,,,,,,,,
,Histórico de estoque,,,,,,,
,Data,Produto,,Código,Movimentação,,,Qtd
,27/01/2024 01:49,Itaipava 1L,,29,Venda,,,-1
,27/01/2024 01:40,Amstel Latão,,26,Venda,,,-8
,27/01/2024 01:40,Gelo 4Kg,,132,Venda,,,-1
,27/01/2024 01:40,Carvão 2kg,,134,Venda,,,-1
,27/01/2024 01:14,RedBull 250ml,,70,Venda,,,-1
,27/01/2024 01:14,Gelo de Coco,,118,Venda,,,-1
,27/01/2024 01:07,Heineken Latão,,3,Venda,,,-4
,27/01/2024 00:34,Stella Latão,,7,Produto,,,-2
,27/01/2024 00:33,Stella Long Neck,,6,Produto,,,+2
,27/01/2024 00:27,Stella Long Neck,,6,Venda,,,-2
,,,,,,,,
,36,, / 145,,,,"Gerado em 03/04/24
21:59:59",
,,,,,,,,
,,,,,,,,
,Histórico de estoque,,,,,,,
,Data,Produto,,Código,Movimentação,,,Qtd
,27/01/2024 00:15,Itaipava Latão,,28,Venda,,,-9
,26/01/2024 23:49,Spaten Latão,,11,Venda,,,-2
,26/01/2024 23:46,Cachaça Chora Rita,,113,Venda,,,-1
,26/01/2024 23:46,Lucky Strike Vermelho,,43,Venda,,,-1
,26/01/2024 23:39,Itaipava Latão,,28,Venda,,,-3
,26/01/2024 23:30,Corona Long Neck,,23,Venda,,,-1
,26/01/2024 23:23,Heineken Long Neck,,1,Venda,,,-2
,26/01/2024 23:23,Trident Menta,,98,Venda,,,-1
,26/01/2024 23:22,Fandangos 115g,,87,Venda,,,-1
,26/01/2024 23:21,Dunhill Calton,,45,Venda,,,-1
,,,,,,,,
,37,, / 145,,,,"Gerado em 03/04/24
21:59:59",
,,,,,,,,
,,,,,,,,
,Histórico de estoque,,,,,,,
,Data,Produto,,Código,Movimentação,,,Qtd
,26/01/2024 23:14,Pirulito,,93,Venda,,,-2
,26/01/2024 23:14,Itaipava 1L,,29,Venda,,,-3
,26/01/2024 22:56,Amstel Latão,,26,Venda,,,-8
,26/01/2024 22:48,Heineken Long Neck,,1,Venda,,,-2
,26/01/2024 22:35,Spaten Latão,,11,Venda,,,-2
,26/01/2024 22:25,Dunhill Calton,,45,Venda,,,-1
,26/01/2024 22:19,Coca Cola 2L Retornável,,60,Venda,,,-2
,26/01/2024 21:59,Cachaça Paratudo 1L,,111,Venda,,,-1
,26/01/2024 21:46,Ice Off 275ml,,78,Venda,,,-3
,26/01/2024 21:46,Itaipava Latão,,28,Venda,,,-3
,,,,,,,,
,38,, / 145,,,,"Gerado em 03/04/24
21:59:59",
,,,,,,,,
,,,,,,,,
,Histórico de estoque,,,,,,,
,Data,Produto,,Código,Movimentação,,,Qtd
,26/01/2024 21:45,Lucky Strike Double Fresh,,44,Venda,,,-1
,26/01/2024 21:22,Zumbitos Costela na brasa 100g,,189,Venda,,,-2
,26/01/2024 21:20,Amstel Latão,,26,Venda,,,-3
,26/01/2024 21:18,Spaten Latão,,11,Venda,,,-1
,26/01/2024 21:10,Start 2L,,71,Venda,,,-1
,26/01/2024 21:10,Itaipava 1L,,29,Venda,,,-2
,26/01/2024 20:43,"Guaraná Antarctica 1,5L",,181,Venda,,,-1
,26/01/2024 20:43,Coca Cola 2L,,58,Venda,,,-1
,26/01/2024 20:39,Itaipava Latão,,28,Venda,,,-3
,26/01/2024 19:45,Amstel 1L,,27,Venda,,,-2
,,,,,,,,
,39,, / 145,,,,"Gerado em 03/04/24
21:59:59",
,,,,,,,,
,,,,,,,,
,Histórico de estoque,,,,,,,
,Data,Produto,,Código,Movimentação,,,Qtd
,26/01/2024 19:42,Brahma Latão,,19,Venda,,,-1
,26/01/2024 19:23,Itaipava Latão,,28,Venda,,,-3
,26/01/2024 19:18,Malboro Vista Purple,,41,Venda,,,-1
,26/01/2024 19:18,Coca Cola 350ml,,55,Venda,,,-2
,26/01/2024 19:16,Amstel 1L,,27,Venda,,,-1
,26/01/2024 19:08,Itaipava Latão,,28,Venda,,,-6
,26/01/2024 19:08,Fanta Laranja 2L,,63,Venda,,,-1
,26/01/2024 18:52,Amstel 1L,,27,Venda,,,-1
,26/01/2024 18:50,Itaipava Latão,,28,Venda,,,-1
,26/01/2024 18:18,Dunhill Calton,,45,Venda,,,-1
,,,,,,,,
,40,, / 145,,,,"Gerado em 03/04/24
21:59:59",
,,,,,,,,
,,,,,,,,
,Histórico de estoque,,,,,,,
,Data,Produto,,Código,Movimentação,,,Qtd
,26/01/2024 18:18,Amstel Latão,,26,Venda,,,-3
,26/01/2024 17:53,Rothmans Global,,177,Venda,,,-3
,26/01/2024 17:26,Coca Cola 2L Retornável,,60,Venda,,,-1
,26/01/2024 16:40,Coca Cola 2L,,58,Venda,,,-1
,26/01/2024 16:40,Itaipava Latão,,28,Venda,,,-1
,26/01/2024 16:20,Corote Limão,,114,Venda,,,-1
,26/01/2024 16:19,Itaipava Latão,,28,Venda,,,-3
,26/01/2024 16:19,Rothmans Global,,177,Venda,,,-1
,26/01/2024 03:03,Rothmans Azul,,46,Venda,,,-1
,26/01/2024 02:43,Zumbitos Cebola 100g,,186,Venda,,,-1
,,,,,,,,
,41,, / 145,,,,"Gerado em 03/04/24
21:59:59",
,,,,,,,,
,,,,,,,,
,Histórico de estoque,,,,,,,
,Data,Produto,,Código,Movimentação,,,Qtd
,26/01/2024 02:43,Spaten Long Neck,,10,Venda,,,-1
,26/01/2024 02:43,Monster Ultra 473ml,,73,Venda,,,-1
,26/01/2024 02:43,Monster Pipeline,,75,Venda,,,-2
,26/01/2024 01:51,RedBull Latão,,169,Venda,,,-2
,26/01/2024 01:10,Heineken Latão,,3,Venda,,,-2
,26/01/2024 01:05,Itaipava Latão,,28,Venda,,,-9
,26/01/2024 00:59,Heineken Latão,,3,Venda,,,-3
,26/01/2024 00:59,Fanta Uva 350ml,,66,Venda,,,-1
,26/01/2024 00:59,Coca Cola Zero 2L,,57,Venda,,,-1
,26/01/2024 00:20,Malboro Vista Purple,,41,Venda,,,-1
,,,,,,,,
,42,, / 145,,,,"Gerado em 03/04/24
21:59:59",
,,,,,,,,
,,,,,,,,
,Histórico de estoque,,,,,,,
,Data,Produto,,Código,Movimentação,,,Qtd
,26/01/2024 00:20,Heineken Latão,,3,Venda,,,-4
,26/01/2024 00:18,Itaipava 1L,,29,Venda,,,-1
,25/01/2024 23:53,"Guaraná Antarctica 1,5L",,181,Venda,,,-1
,25/01/2024 23:26,Skol Latão,,25,Venda,,,-3
,25/01/2024 23:26,Heineken Latão,,3,Venda,,,-3
,25/01/2024 23:15,Heineken Long Neck,,1,Venda,,,-6
,25/01/2024 23:11,Amstel Latão,,26,Venda,,,-6
,25/01/2024 23:02,Rothmans Azul,,46,Venda,,,-1
,25/01/2024 23:02,Spaten Latão,,11,Venda,,,-1
,25/01/2024 22:59,Fanta Laranja 2L,,63,Venda,,,-1
,,,,,,,,
,43,, / 145,,,,"Gerado em 03/04/24
21:59:59",
,,,,,,,,
,,,,,,,,
,Histórico de estoque,,,,,,,
,Data,Produto,,Código,Movimentação,,,Qtd
,25/01/2024 22:58,Itaipava 1L,,29,Venda,,,-1
,25/01/2024 22:55,Cebolitos 33g,,86,Venda,,,-1
,25/01/2024 22:55,Rothmans Azul,,46,Venda,,,-1
,25/01/2024 22:16,Dunhill Calton,,45,Venda,,,-1
,25/01/2024 22:16,Amstel Latão,,26,Venda,,,-1
,25/01/2024 22:00,Itaipava 1L,,29,Venda,,,-1
,25/01/2024 21:43,Heineken Latão,,3,Venda,,,-2
,25/01/2024 21:42,Cheetos Onda 122g,,89,Venda,,,-1
,25/01/2024 21:42,Coca Cola 2L,,58,Venda,,,-1
,25/01/2024 21:42,Água c/gás 510ml,,35,Venda,,,-2
,,,,,,,,
,44,, / 145,,,,"Gerado em 03/04/24
21:59:59",
,,,,,,,,
,,,,,,,,
,Histórico de estoque,,,,,,,
,Data,Produto,,Código,Movimentação,,,Qtd
,25/01/2024 21:42,Suco Dell Vale Uva 1L,,115,Venda,,,-1
,25/01/2024 21:31,Brahma Latão,,19,Venda,,,-1
,25/01/2024 21:27,Gudang,,149,Venda,,,-1
,25/01/2024 21:04,Heineken Latão,,3,Venda,,,-1
,25/01/2024 21:01,Coca Cola 2L Retornável,,60,Venda,,,-1
,25/01/2024 20:44,Corona Long Neck,,23,Venda,,,-1
,25/01/2024 20:44,Skol Beats Tradicional 269ml,,77,Venda,,,-3
,25/01/2024 20:44,Skol Beats GT 269ml,,76,Venda,,,-3
,25/01/2024 20:16,Itaipava 1L,,29,Venda,,,-1
,25/01/2024 19:58,Zumbitos Presunto 100g,,190,Venda,,,-1
,,,,,,,,
,45,, / 145,,,,"Gerado em 03/04/24
21:59:59",
,,,,,,,,
,,,,,,,,
,Histórico de estoque,,,,,,,
,Data,Produto,,Código,Movimentação,,,Qtd
,25/01/2024 19:47,"Guaraná Antarctica 1,5L",,181,Produto,,,+12
,25/01/2024 19:47,Guaraná Antártica 2L,,61,Produto,,,+12
,25/01/2024 19:47,"Água s/gás 1,5L",,39,Produto,,,+7
,25/01/2024 19:47,Stella 600ml ,,8,Produto,,,+24
,25/01/2024 19:47,Spaten Long Neck,,10,Produto,,,+24
,25/01/2024 19:47,Spaten Latão,,11,Produto,,,+24
,25/01/2024 19:47,Stella Long Neck,,6,Produto,,,+23
,25/01/2024 19:47,Corona Long Neck,,23,Produto,,,+24
,25/01/2024 19:39,Mentos,,200,Produto,,,+16
,25/01/2024 19:27,Antarctica Latão,,14,Venda,,,-1
,,,,,,,,
,46,, / 145,,,,"Gerado em 03/04/24
21:59:59",
,,,,,,,,
,,,,,,,,
,Histórico de estoque,,,,,,,
,Data,Produto,,Código,Movimentação,,,Qtd
,25/01/2024 19:01,Brahma Latão,,19,Venda,,,-1
,25/01/2024 18:47,Itaipava Latão,,28,Venda,,,-3
,25/01/2024 18:47,Babbaloo,,97,Venda,,,-1
,25/01/2024 18:47,Bala Halls Menta,,158,Venda,,,-1
,25/01/2024 18:47,Rothmans Azul,,46,Venda,,,-1
,25/01/2024 18:46,Dunhill Calton,,45,Venda,,,-1
,25/01/2024 18:44,Malboro Vista Purple,,41,Venda,,,-1
,25/01/2024 18:44,Baly Melancia 473ml,,197,Venda,,,-1
,25/01/2024 18:41,Sprite 2L,,146,Produto,,,+12
,25/01/2024 18:41,Monster Pipeline,,75,Produto,,,+12
,,,,,,,,
,47,, / 145,,,,"Gerado em 03/04/24
21:59:59",
,,,,,,,,
,,,,,,,,
,Histórico de estoque,,,,,,,
,Data,Produto,,Código,Movimentação,,,Qtd
,25/01/2024 18:41,Fanta Uva 2L,,65,Produto,,,+6
,25/01/2024 18:41,Fanta Laranja 2L,,63,Produto,,,+12
,25/01/2024 18:33,Pirulito,,93,Venda,,,-1
,25/01/2024 18:33,Fandangos 37g,,88,Venda,,,-1
,25/01/2024 18:33,Cebolitos 33g,,86,Venda,,,-1
,25/01/2024 18:30,Itaipava Latão,,28,Venda,,,-3
,25/01/2024 17:49,Babbaloo,,97,Venda,,,-2
,25/01/2024 17:05,Amstel Latão,,26,Produto,,,+96
,25/01/2024 16:34,Monster Mango Loco 473ml,,74,Venda,,,-1
,25/01/2024 16:34,Fandangos 37g,,88,Venda,,,-1
,,,,,,,,
,48,, / 145,,,,"Gerado em 03/04/24
21:59:59",
,,,,,,,,
,,,,,,,,
,Histórico de estoque,,,,,,,
,Data,Produto,,Código,Movimentação,,,Qtd
,25/01/2024 16:23,Fanta Uva 350ml,,66,Venda,,,-1
,25/01/2024 00:41,Itaipava Latão,,28,Venda,,,-3
,24/01/2024 23:54,Start 2L,,71,Venda,,,-1
,24/01/2024 23:46,Doritos 84g,,83,Venda,,,-1
,24/01/2024 23:42,Itaipava 1L,,29,Venda,,,-1
,24/01/2024 23:10,Heineken Long Neck,,1,Venda,,,-1
,24/01/2024 23:07,Spaten Latão,,11,Venda,,,-3
,24/01/2024 23:03,Itaipava Latão,,28,Venda,,,-9
,24/01/2024 23:03,Dunhill Calton,,45,Venda,,,-1
,24/01/2024 22:43,Amstel Latão,,26,Venda,,,-3
,,,,,,,,
,49,, / 145,,,,"Gerado em 03/04/24
21:59:59",
,,,,,,,,
,,,,,,,,
,Histórico de estoque,,,,,,,
,Data,Produto,,Código,Movimentação,,,Qtd
,24/01/2024 22:30,Pirulito,,93,Venda,,,-1
,24/01/2024 22:30,Paçoca,,96,Venda,,,-1
,24/01/2024 22:07,"Guaraná Antarctica 1,5L",,181,Venda,,,-1
,24/01/2024 22:04,Brahma Latão,,19,Venda,,,-2
,24/01/2024 21:46,Spaten Latão,,11,Venda,,,-2
,24/01/2024 21:44,Itaipava Latão,,28,Venda,,,-3
,24/01/2024 21:37,Gudang,,149,Venda,,,-1
,24/01/2024 21:36,Zumbitos Cebola 100g,,186,Venda,,,-1
,24/01/2024 21:34,Heineken Long Neck,,1,Venda,,,-5
,24/01/2024 21:17,Baly Melancia 473ml,,197,Venda,,,-1
,,,,,,,,
,50,, / 145,,,,"Gerado em 03/04/24
21:59:59",
,,,,,,,,
,,,,,,,,
,Histórico de estoque,,,,,,,
,Data,Produto,,Código,Movimentação,,,Qtd
,24/01/2024 21:17,Zumbitos Presunto 100g,,190,Venda,,,-1
,24/01/2024 21:14,Cachaça Chora Rita,,113,Venda,,,-1
,24/01/2024 21:14,Rothmans Azul,,46,Venda,,,-1
,24/01/2024 21:14,Itaipava Latão,,28,Venda,,,-6
,24/01/2024 20:48,Itaipava Latão,,28,Venda,,,-3
,24/01/2024 20:45,Rothmans Global,,177,Venda,,,-1
,24/01/2024 20:21,Dunhill Calton,,45,Venda,,,-1
,24/01/2024 19:13,Água s/gás 510ml,,38,Venda,,,-1
,24/01/2024 19:02,Rothmans Vermelho,,47,Venda,,,-1
,24/01/2024 18:17,Rothmans Global,,177,Venda,,,-2
,,,,,,,,
,51,, / 145,,,,"Gerado em 03/04/24
21:59:59",
,,,,,,,,
,,,,,,,,
,Histórico de estoque,,,,,,,
,Data,Produto,,Código,Movimentação,,,Qtd
,24/01/2024 17:40,Rothmans Azul,,46,Venda,,,-1
,24/01/2024 17:39,Dunhill Calton,,45,Venda,,,-1
,24/01/2024 16:44,Malboro Ice Burst,,42,Produto,,,+10
,24/01/2024 16:44,Malboro Vista Purple,,41,Produto,,,+9
,24/01/2024 16:33,Coca Cola 2L,,58,Venda,,,-1
,24/01/2024 15:37,Guaraná UAI 2L,,176,Venda,,,-1
,24/01/2024 15:36,Itaipava Latão,,28,Venda,,,-3
,24/01/2024 15:10,Sprite 2L,,146,Venda,,,-1
,24/01/2024 14:43,Cachaça Chora Rita,,113,Produto,,,+36
,24/01/2024 14:43,Petra Latão,,30,Produto,,,+48
,,,,,,,,
,52,, / 145,,,,"Gerado em 03/04/24
21:59:59",
,,,,,,,,
,,,,,,,,
,Histórico de estoque,,,,,,,
,Data,Produto,,Código,Movimentação,,,Qtd
,24/01/2024 14:43,Heineken Latão,,3,Produto,,,+60
,24/01/2024 01:10,Coca Cola 2L,,58,Venda,,,-1
,24/01/2024 01:10,Doritos 53g,,84,Venda,,,-1
,24/01/2024 01:10,Amstel 1L,,27,Venda,,,-2
,24/01/2024 01:08,RedBull 250ml,,70,Venda,,,-1
,24/01/2024 01:08,"Guaraná Antarctica 1,5L",,181,Venda,,,-1
,24/01/2024 00:13,Guaraná UAI 2L,,176,Venda,,,-1
,23/01/2024 23:59,Fanta Laranja 2L,,63,Venda,,,-1
,23/01/2024 23:54,Ruffles Sal 76g,,91,Venda,,,-1
,23/01/2024 23:54,Baly Tropical 473ml,,198,Venda,,,-1
,,,,,,,,
,53,, / 145,,,,"Gerado em 03/04/24
21:59:59",
,,,,,,,,
,,,,,,,,
,Histórico de estoque,,,,,,,
,Data,Produto,,Código,Movimentação,,,Qtd
,23/01/2024 23:54,Baly Melancia 473ml,,197,Venda,,,-1
,23/01/2024 23:54,Stella Long Neck,,6,Venda,,,-3
,23/01/2024 23:46,Cachaça Chora Rita,,113,Venda,,,-1
,23/01/2024 23:46,Zumbitos Requeijão 100g,,191,Venda,,,-1
,23/01/2024 23:25,Cachaça Chora Rita,,113,Venda,,,-1
,23/01/2024 23:10,RedBull 250ml,,70,Venda,,,-1
,23/01/2024 23:03,Doritos 53g,,84,Venda,,,-1
,23/01/2024 23:03,Spaten Latão,,11,Venda,,,-2
,23/01/2024 23:03,Coca Cola 2L,,58,Venda,,,-1
,23/01/2024 23:00,Isqueiro Mini,,49,Venda,,,-1
,,,,,,,,
,54,, / 145,,,,"Gerado em 03/04/24
21:59:59",
,,,,,,,,
,,,,,,,,
,Histórico de estoque,,,,,,,
,Data,Produto,,Código,Movimentação,,,Qtd
,23/01/2024 22:47,Itaipava Latão,,28,Venda,,,-3
,23/01/2024 22:26,Coca Cola 350ml,,55,Venda,,,-1
,23/01/2024 22:19,Malboro Ice Burst,,42,Venda,,,-1
,23/01/2024 22:05,Água c/gás 510ml,,35,Venda,,,-2
,23/01/2024 22:05,Coca Cola 2L Retornável,,60,Venda,,,-1
,23/01/2024 21:51,Coca Cola 350ml,,55,Venda,,,-2
,23/01/2024 21:51,Brahma Duplo Malte 473ml,,20,Venda,,,-4
,23/01/2024 21:46,Itaipava Latão,,28,Venda,,,-4
,23/01/2024 21:39,Dunhill Calton,,45,Venda,,,-1
,23/01/2024 20:24,Start 2L,,71,Venda,,,-1
,,,,,,,,
,55,, / 145,,,,"Gerado em 03/04/24
21:59:59",
,,,,,,,,
,,,,,,,,
,Histórico de estoque,,,,,,,
,Data,Produto,,Código,Movimentação,,,Qtd
,23/01/2024 20:24,"Guaraná Antarctica 1,5L",,181,Venda,,,-1
,23/01/2024 20:22,Coca Cola Zero 2L,,57,Venda,,,-2
,23/01/2024 20:15,Itaipava 1L,,29,Venda,,,-1
,23/01/2024 19:25,Lucky Strike Double Fresh,,44,Venda,,,-1
,23/01/2024 19:16,Dunhill Calton,,45,Venda,,,-1
,23/01/2024 19:16,Itaipava Latão,,28,Venda,,,-3
,23/01/2024 19:16,Itaipava Latão,,28,Venda,,,-1
,23/01/2024 18:21,Itaipava Latão,,28,Venda,,,-1
,23/01/2024 18:21,Rothmans Global,,177,Venda,,,-1
,23/01/2024 16:51,Fanta Uva 350ml,,66,Venda,,,-1
,,,,,,,,
,56,, / 145,,,,"Gerado em 03/04/24
21:59:59",
,,,,,,,,
,,,,,,,,
,Histórico de estoque,,,,,,,
,Data,Produto,,Código,Movimentação,,,Qtd
,23/01/2024 16:41,Coca Cola Zero 2L,,57,Venda,,,-1
,23/01/2024 16:29,Coca Cola 2L,,58,Venda,,,-1
,23/01/2024 16:29,Guaraná UAI 2L,,176,Venda,,,-1
,23/01/2024 15:53,Heineken Long Neck,,1,Venda,,,-4
,23/01/2024 00:50,Dunhill Calton,,45,Venda,,,-1
,23/01/2024 00:21,Itaipava Latão,,28,Venda,,,-9
,23/01/2024 00:21,Dunhill Calton,,45,Venda,,,-1
,23/01/2024 00:17,Coca Cola 2L,,58,Venda,,,-2
,23/01/2024 00:17,Amstel 1L,,27,Venda,,,-7
,23/01/2024 00:01,Seda BB,,53,Venda,,,-1
,,,,,,,,
,57,, / 145,,,,"Gerado em 03/04/24
21:59:59",
,,,,,,,,
,,,,,,,,
,Histórico de estoque,,,,,,,
,Data,Produto,,Código,Movimentação,,,Qtd
,22/01/2024 23:58,"Guaraná Antarctica 1,5L",,181,Venda,,,-1
,22/01/2024 23:47,Itaipava 1L,,29,Venda,,,-1
,22/01/2024 23:21,Coca Cola 2L,,58,Venda,,,-1
,22/01/2024 23:21,Paçoca,,96,Venda,,,-4
,22/01/2024 23:02,Fandangos 37g,,88,Venda,,,-1
,22/01/2024 22:45,Isqueiro Mini,,49,Venda,,,-1
,22/01/2024 22:22,Coca Cola 2L,,58,Venda,,,-1
,22/01/2024 22:21,Spaten Latão,,11,Venda,,,-2
,22/01/2024 22:11,Spaten Long Neck,,10,Venda,,,-1
,22/01/2024 21:51,Spaten 600ml ,,12,Venda,,,-2
,,,,,,,,
,58,, / 145,,,,"Gerado em 03/04/24
21:59:59",
,,,,,,,,
,,,,,,,,
,Histórico de estoque,,,,,,,
,Data,Produto,,Código,Movimentação,,,Qtd
,22/01/2024 21:51,Lucky Strike Double Fresh,,44,Venda,,,-1
,22/01/2024 21:42,Itaipava Latão,,28,Venda,,,-9
,22/01/2024 21:40,Itaipava Latão,,28,Venda,,,-12
,22/01/2024 21:29,Gelo 4Kg,,132,Venda,,,-2
,22/01/2024 21:01,Pirulito,,93,Venda,,,-2
,22/01/2024 20:35,Zumbitos Cheddar e Bacon 100g,,187,Venda,,,-1
,22/01/2024 20:35,TNT Juice Mango 473ml,,69,Venda,,,-1
,22/01/2024 20:03,Roth Longo internacional,,199,Produto,,,+10
,22/01/2024 19:47,Rothmans Global,,177,Produto,,,+10
,22/01/2024 19:47,Isqueiro Mini,,49,Produto,,,+12
,,,,,,,,
,59,, / 145,,,,"Gerado em 03/04/24
21:59:59",
,,,,,,,,
,,,,,,,,
,Histórico de estoque,,,,,,,
,Data,Produto,,Código,Movimentação,,,Qtd
,22/01/2024 19:47,Rothmans Azul,,46,Produto,,,+20
,22/01/2024 19:47,Dunhill Calton,,45,Produto,,,+20
,22/01/2024 19:47,Lucky Strike Double Fresh,,44,Produto,,,+10
,22/01/2024 19:42,Fanta Laranja 2L,,63,Venda,,,-1
,22/01/2024 19:28,Água s/gás 510ml,,38,Venda,,,-2
,22/01/2024 19:28,Amstel Latão,,26,Venda,,,-10
,22/01/2024 19:11,Cachaça Chora Rita,,113,Venda,,,-1
,22/01/2024 19:11,Rothmans Azul,,46,Venda,,,-1
,22/01/2024 18:32,Coca Cola Zero 2L,,57,Venda,,,-1
,22/01/2024 18:17,Fanta Uva 2L,,65,Venda,,,-1
,,,,,,,,
,60,, / 145,,,,"Gerado em 03/04/24
21:59:59",
,,,,,,,,
,,,,,,,,
,Histórico de estoque,,,,,,,
,Data,Produto,,Código,Movimentação,,,Qtd
,22/01/2024 18:06,Doritos 84g,,83,Venda,,,-1
,22/01/2024 17:46,Itaipava Latão,,28,Venda,,,-1
,22/01/2024 17:35,Rothmans Azul,,46,Venda,,,-1
,22/01/2024 16:58,Coca Cola Zero 2L,,57,Venda,,,-1
,22/01/2024 16:52,Amstel Latão,,26,Venda,,,-6
,22/01/2024 16:05,Monster Mango Loco 473ml,,74,Venda,,,-1
,22/01/2024 15:11,Coca Cola Zero 2L,,57,Venda,,,-1
,22/01/2024 15:07,Guaraná UAI 2L,,176,Venda,,,-1
,22/01/2024 15:03,Isqueiro Mini,,49,Venda,,,-1
,22/01/2024 15:03,Big Big,,150,Venda,,,-4
,,,,,,,,
,61,, / 145,,,,"Gerado em 03/04/24
21:59:59",
,,,,,,,,
,,,,,,,,
,Histórico de estoque,,,,,,,
,Data,Produto,,Código,Movimentação,,,Qtd
,22/01/2024 14:52,Guaraná UAI 2L,,176,Venda,,,-1
,21/01/2024 22:29,Cachaça Chora Rita,,113,Venda,,,-1
,21/01/2024 22:28,Coca Cola Zero 350ml,,56,Venda,,,-1
,21/01/2024 22:19,Coca Cola 2L,,58,Venda,,,-1
,21/01/2024 22:18,Amstel 1L,,27,Venda,,,-1
,21/01/2024 22:16,Cebolitos 33g,,86,Venda,,,-2
,21/01/2024 21:52,Spaten Long Neck,,10,Venda,,,-5
,21/01/2024 21:38,Itaipava 1L,,29,Venda,,,-2
,21/01/2024 21:22,Monster Ultra 473ml,,73,Venda,,,-1
,21/01/2024 21:22,Heineken Latão,,3,Venda,,,-15
,,,,,,,,
,62,, / 145,,,,"Gerado em 03/04/24
21:59:59",
,,,,,,,,
,,,,,,,,
,Histórico de estoque,,,,,,,
,Data,Produto,,Código,Movimentação,,,Qtd
,21/01/2024 21:17,Itaipava Latão,,28,Venda,,,-3
,21/01/2024 20:50,Big Big,,150,Venda,,,-16
,21/01/2024 20:49,Água c/gás 510ml,,35,Venda,,,-2
,21/01/2024 20:30,Itaipava 1L,,29,Venda,,,-2
,21/01/2024 20:19,Babbaloo,,97,Venda,,,-1
,21/01/2024 20:19,Trident Menta,,98,Venda,,,-1
,21/01/2024 19:58,Gelo de Maracujá,,179,Venda,,,-1
,21/01/2024 19:58,Itaipava Latão,,28,Venda,,,-3
,21/01/2024 19:17,Lucky Strike Double Fresh,,44,Venda,,,-1
,21/01/2024 19:10,Coca Cola 2L,,58,Venda,,,-1
,,,,,,,,
,63,, / 145,,,,"Gerado em 03/04/24
21:59:59",
,,,,,,,,
,,,,,,,,
,Histórico de estoque,,,,,,,
,Data,Produto,,Código,Movimentação,,,Qtd
,21/01/2024 19:10,Gelo de Maracujá,,179,Venda,,,-1
,21/01/2024 19:10,Fanta Laranja 350ml,,64,Venda,,,-1
,21/01/2024 19:10,Corote Maracujá,,152,Venda,,,-1
,21/01/2024 18:59,Água c/gás 510ml,,35,Venda,,,-3
,21/01/2024 18:59,Coca Cola 2L,,58,Venda,,,-1
,21/01/2024 18:46,Petra Latão,,30,Venda,,,-1
,21/01/2024 18:39,Stella Long Neck,,6,Venda,,,-1
,21/01/2024 18:05,Itaipava 1L,,29,Venda,,,-2
,21/01/2024 17:57,Amstel Latão,,26,Venda,,,-6
,21/01/2024 17:45,Heineken Latão,,3,Venda,,,-1
,,,,,,,,
,64,, / 145,,,,"Gerado em 03/04/24
21:59:59",
,,,,,,,,
,,,,,,,,
,Histórico de estoque,,,,,,,
,Data,Produto,,Código,Movimentação,,,Qtd
,21/01/2024 17:22,Fanta Uva 2L,,65,Venda,,,-1
,21/01/2024 17:19,Baton,,95,Venda,,,-1
,21/01/2024 17:04,Fanta Laranja 2L,,63,Venda,,,-1
,21/01/2024 16:42,Itaipava Latão,,28,Venda,,,-1
,21/01/2024 15:46,Lucky Strike Double Fresh,,44,Produto,,,-3
,21/01/2024 15:44,Dunhill Calton,,45,Produto,,,-6
,21/01/2024 15:36,Fanta Uva 2L,,65,Venda,,,-1
,21/01/2024 15:36,Sprite 2L,,146,Venda,,,-1
,21/01/2024 15:21,Fanta Uva 2L,,65,Venda,,,-1
,21/01/2024 15:21,Amstel Latão,,26,Venda,,,-6
,,,,,,,,
,65,, / 145,,,,"Gerado em 03/04/24
21:59:59",
,,,,,,,,
,,,,,,,,
,Histórico de estoque,,,,,,,
,Data,Produto,,Código,Movimentação,,,Qtd
,21/01/2024 15:16,Itaipava Latão,,28,Venda,,,-12
,21/01/2024 15:13,Itaipava 1L,,29,Venda,,,-1
,21/01/2024 15:02,Rothmans Global,,177,Venda,,,-1
,21/01/2024 15:02,Cachaça Chora Rita,,113,Venda,,,-1
,21/01/2024 14:54,Brahma Malzbier 350ml,,18,Venda,,,-1
,21/01/2024 14:54,Spaten Latão,,11,Venda,,,-1
,21/01/2024 14:54,Skol Beats Tradicional 269ml,,77,Venda,,,-1
,21/01/2024 14:54,Spaten Latão,,11,Venda,,,-2
,21/01/2024 14:33,Coca Cola 2L,,58,Venda,,,-1
,21/01/2024 11:07,Gelo 4Kg,,132,Produto,,,+10
,,,,,,,,
,66,, / 145,,,,"Gerado em 03/04/24
21:59:59",
,,,,,,,,
,,,,,,,,
,Histórico de estoque,,,,,,,
,Data,Produto,,Código,Movimentação,,,Qtd
,21/01/2024 02:33,Kit Kat ,,92,Venda,,,-1
,21/01/2024 02:33,Zumbitos Requeijão 100g,,191,Venda,,,-1
,21/01/2024 02:33,TNT Juice Mango 473ml,,69,Venda,,,-1
,21/01/2024 02:33,TNT Original,,68,Venda,,,-1
,21/01/2024 02:33,Stella Long Neck,,6,Venda,,,-5
,21/01/2024 02:22,Corona Long Neck,,23,Venda,,,-1
,21/01/2024 01:54,Malboro Ice Burst,,42,Venda,,,-1
,21/01/2024 01:53,Petra Latão,,30,Venda,,,-2
,21/01/2024 01:42,Big Big,,150,Venda,,,-4
,21/01/2024 01:42,RedBull 250ml,,70,Venda,,,-1
,,,,,,,,
,67,, / 145,,,,"Gerado em 03/04/24
21:59:59",
,,,,,,,,
,,,,,,,,
,Histórico de estoque,,,,,,,
,Data,Produto,,Código,Movimentação,,,Qtd
,21/01/2024 01:42,Gelo 4Kg,,132,Venda,,,-1
,21/01/2024 01:42,Gelo de Coco,,118,Venda,,,-6
,21/01/2024 01:36,Itaipava Latão,,28,Venda,,,-6
,21/01/2024 01:36,Coca Cola 2L Retornável,,60,Venda,,,-1
,21/01/2024 00:41,Petra Latão,,30,Venda,,,-6
,21/01/2024 00:38,Heineken Latão,,3,Venda,,,-4
,21/01/2024 00:36,"Guaraná Antarctica 1,5L",,181,Venda,,,-1
,21/01/2024 00:34,Trident Menta,,98,Venda,,,-1
,21/01/2024 00:34,Dunhill Calton,,45,Venda,,,-1
,21/01/2024 00:28,Coca Cola Zero 2L,,57,Venda,,,-2
,,,,,,,,
,68,, / 145,,,,"Gerado em 03/04/24
21:59:59",
,,,,,,,,
,,,,,,,,
,Histórico de estoque,,,,,,,
,Data,Produto,,Código,Movimentação,,,Qtd
,21/01/2024 00:20,Coca Cola Zero 2L,,57,Venda,,,-1
,21/01/2024 00:20,Coca Cola 2L,,58,Venda,,,-1
,20/01/2024 23:37,Dunhill Calton,,45,Venda,,,-1
,20/01/2024 23:32,Sprite 2L,,146,Venda,,,-1
,20/01/2024 23:32,Coca Cola 2L,,58,Venda,,,-1
,20/01/2024 23:28,Gelo de Coco,,118,Venda,,,-3
,20/01/2024 23:10,Corote Maracujá,,152,Venda,,,-1
,20/01/2024 22:59,Corote Maracujá,,152,Venda,,,-1
,20/01/2024 22:59,Guaraná UAI 2L,,176,Venda,,,-1
,20/01/2024 22:41,Itaipava Latão,,28,Venda,,,-12
,,,,,,,,
,69,, / 145,,,,"Gerado em 03/04/24
21:59:59",
,,,,,,,,
,,,,,,,,
,Histórico de estoque,,,,,,,
,Data,Produto,,Código,Movimentação,,,Qtd
,20/01/2024 22:31,Heineken Latão,,3,Venda,,,-1
,20/01/2024 22:31,Coca Cola 2L Retornável,,60,Venda,,,-2
,20/01/2024 22:19,Gelo 4Kg,,132,Venda,,,-1
,20/01/2024 22:19,Baly Tropical 2L,,167,Venda,,,-1
,20/01/2024 22:19,Start 2L,,71,Venda,,,-1
,20/01/2024 22:06,Sprite 2L,,146,Venda,,,-1
,20/01/2024 22:05,Redbull Sugar free 250ml,,170,Venda,,,-2
,20/01/2024 22:05,Baly Tropical 2L,,167,Venda,,,-1
,20/01/2024 22:03,Gelo 4Kg,,132,Venda,,,-2
,20/01/2024 21:43,Stella 600ml ,,8,Venda,,,-2
,,,,,,,,
,70,, / 145,,,,"Gerado em 03/04/24
21:59:59",
,,,,,,,,
,,,,,,,,
,Histórico de estoque,,,,,,,
,Data,Produto,,Código,Movimentação,,,Qtd
,20/01/2024 21:22,Itaipava Latão,,28,Venda,,,-3
,20/01/2024 20:59,Coca Cola 2L,,58,Venda,,,-1
,20/01/2024 20:45,Amstel Latão,,26,Venda,,,-12
,20/01/2024 20:40,Coca Cola 350ml,,55,Venda,,,-1
,20/01/2024 20:40,Itaipava 1L,,29,Venda,,,-2
,20/01/2024 20:35,Ice Off 275ml,,78,Venda,,,-3
,20/01/2024 20:35,Itaipava Latão,,28,Venda,,,-3
,20/01/2024 20:18,Cachaça Chora Rita,,113,Venda,,,-1
,20/01/2024 19:53,Itaipava Latão,,28,Venda,,,-2
,20/01/2024 19:53,Rothmans Global,,177,Venda,,,-1
,,,,,,,,
,71,, / 145,,,,"Gerado em 03/04/24
21:59:59",
,,,,,,,,
,,,,,,,,
,Histórico de estoque,,,,,,,
,Data,Produto,,Código,Movimentação,,,Qtd
,20/01/2024 19:18,Itaipava Latão,,28,Venda,,,-1
,20/01/2024 18:56,Dunhill Calton,,45,Venda,,,-1
,20/01/2024 18:46,Rothmans Azul,,46,Venda,,,-1
,20/01/2024 18:46,Spaten Latão,,11,Venda,,,-1
,20/01/2024 18:00,Itaipava Latão,,28,Venda,,,-1
,20/01/2024 18:00,Guaraná UAI 2L,,176,Venda,,,-1
,20/01/2024 17:58,Isqueiro Max,,48,Venda,,,-1
,20/01/2024 17:34,Itaipava Latão,,28,Venda,,,-12
,20/01/2024 17:34,Gelo 4Kg,,132,Venda,,,-1
,20/01/2024 17:23,Fanta Uva 350ml,,66,Venda,,,-1
,,,,,,,,
,72,, / 145,,,,"Gerado em 03/04/24
21:59:59",
,,,,,,,,
,,,,,,,,
,Histórico de estoque,,,,,,,
,Data,Produto,,Código,Movimentação,,,Qtd
,20/01/2024 17:23,Gelo 4Kg,,132,Venda,,,-1
,20/01/2024 17:14,Espumante Monte Carmo Branco,,185,Venda,,,-1
,20/01/2024 17:14,Espumante Brut Mont Carmo Rosé,,184,Venda,,,-1
,20/01/2024 16:56,Coca Cola 2L,,58,Venda,,,-1
,20/01/2024 16:50,"Cantina da Serra 1,5L",,194,Produto,,,+4
,20/01/2024 16:50,Ice Off 275ml,,78,Produto,,,+36
,20/01/2024 16:50,Coca Cola Zero 350ml,,56,Produto,,,+12
,20/01/2024 16:50,Coca Cola 350ml,,55,Produto,,,+12
,20/01/2024 16:50,Heineken Long Neck,,1,Produto,,,+24
,20/01/2024 16:44,Coca Cola 2L Retornável,,60,Venda,,,-1
,,,,,,,,
,73,, / 145,,,,"Gerado em 03/04/24
21:59:59",
,,,,,,,,
,,,,,,,,
,Histórico de estoque,,,,,,,
,Data,Produto,,Código,Movimentação,,,Qtd
,20/01/2024 16:44,Budweiser Latão,,17,Venda,,,-1
,20/01/2024 16:30,Corote Limão,,114,Venda,,,-1
,20/01/2024 02:25,TNT Juice Mango 473ml,,69,Venda,,,-1
,20/01/2024 02:16,Petra Latão,,30,Venda,,,-3
,20/01/2024 02:11,Pirulito,,93,Venda,,,-1
,20/01/2024 02:11,Coca Cola 2L,,58,Venda,,,-1
,20/01/2024 01:41,Itaipava Latão,,28,Venda,,,-3
,20/01/2024 01:35,"Guaraná Antarctica 1,5L",,181,Venda,,,-1
,20/01/2024 01:35,Corote Ice Pink,,80,Venda,,,-2
,20/01/2024 01:23,Itaipava 1L,,29,Venda,,,-1
,,,,,,,,
,74,, / 145,,,,"Gerado em 03/04/24
21:59:59",
,,,,,,,,
,,,,,,,,
,Histórico de estoque,,,,,,,
,Data,Produto,,Código,Movimentação,,,Qtd
,20/01/2024 00:57,Heineken Latão,,3,Venda,,,-3
,20/01/2024 00:57,Heineken Latão,,3,Venda,,,-1
,20/01/2024 00:44,Coca Cola Zero 2L,,57,Venda,,,-2
,20/01/2024 00:40,Amstel Latão,,26,Venda,,,-6
,20/01/2024 00:36,Itaipava Latão,,28,Venda,,,-3
,20/01/2024 00:36,Isqueiro Max,,48,Venda,,,-1
,20/01/2024 00:25,Coca Cola 2L,,58,Venda,,,-1
,20/01/2024 00:16,Lucky Strike Double Fresh,,44,Venda,,,-1
,20/01/2024 00:16,Itaipava Latão,,28,Venda,,,-6
,20/01/2024 00:10,Itaipava 1L,,29,Venda,,,-1
,,,,,,,,
,75,, / 145,,,,"Gerado em 03/04/24
22:00:00",
,,,,,,,,
,,,,,,,,
,Histórico de estoque,,,,,,,
,Data,Produto,,Código,Movimentação,,,Qtd
,20/01/2024 00:06,Itaipava Latão,,28,Venda,,,-3
,19/01/2024 23:46,Sprite 2L,,146,Venda,,,-1
,19/01/2024 23:46,Coca Cola Zero 2L,,57,Venda,,,-1
,19/01/2024 23:45,Spaten Latão,,11,Venda,,,-1
,19/01/2024 23:18,Coca Cola 2L,,58,Venda,,,-1
,19/01/2024 23:11,Cachaça Chora Rita,,113,Venda,,,-1
,19/01/2024 23:11,Heineken Latão,,3,Venda,,,-1
,19/01/2024 23:10,Monster Pipeline,,75,Venda,,,-1
,19/01/2024 23:10,Coca Cola Zero 350ml,,56,Venda,,,-1
,19/01/2024 23:08,Heineken Latão,,3,Venda,,,-1
,,,,,,,,
,76,, / 145,,,,"Gerado em 03/04/24
22:00:00",
,,,,,,,,
,,,,,,,,
,Histórico de estoque,,,,,,,
,Data,Produto,,Código,Movimentação,,,Qtd
,19/01/2024 23:03,Spaten Latão,,11,Venda,,,-3
,19/01/2024 22:58,Lucky Strike Double Fresh,,44,Venda,,,-1
,19/01/2024 22:58,Monster Original 473ml,,72,Venda,,,-1
,19/01/2024 22:58,Heineken Long Neck,,1,Venda,,,-2
,19/01/2024 22:44,Rothmans Azul,,46,Venda,,,-1
,19/01/2024 22:44,Itaipava Latão,,28,Venda,,,-12
,19/01/2024 22:39,Gelo 4Kg,,132,Venda,,,-1
,19/01/2024 22:39,Ice Off 275ml,,78,Venda,,,-6
,19/01/2024 22:39,Petra Latão,,30,Venda,,,-8
,19/01/2024 22:33,Itaipava Latão,,28,Venda,,,-6
,,,,,,,,
,77,, / 145,,,,"Gerado em 03/04/24
22:00:00",
,,,,,,,,
,,,,,,,,
,Histórico de estoque,,,,,,,
,Data,Produto,,Código,Movimentação,,,Qtd
,19/01/2024 22:17,Guaraná UAI 2L,,176,Venda,,,-1
,19/01/2024 22:17,Itaipava Latão,,28,Venda,,,-3
,19/01/2024 22:14,Rothmans Azul,,46,Venda,,,-1
,19/01/2024 22:14,"Cantina da Serra 1,5L",,194,Venda,,,-1
,19/01/2024 22:12,Coca Cola Zero 350ml,,56,Venda,,,-1
,19/01/2024 21:30,Itaipava Latão,,28,Venda,,,-1
,19/01/2024 21:07,Pirulito,,93,Venda,,,-1
,19/01/2024 21:02,Spaten Long Neck,,10,Venda,,,-1
,19/01/2024 20:42,Rothmans Azul,,46,Venda,,,-1
,19/01/2024 20:42,Coca Cola 2L Retornável,,60,Venda,,,-3
,,,,,,,,
,78,, / 145,,,,"Gerado em 03/04/24
22:00:00",
,,,,,,,,
,,,,,,,,
,Histórico de estoque,,,,,,,
,Data,Produto,,Código,Movimentação,,,Qtd
,19/01/2024 20:38,Heineken 600ml,,4,Venda,,,-1
,19/01/2024 20:38,Itaipava 1L,,29,Venda,,,-2
,19/01/2024 20:26,Guaraná 350ml,,62,Venda,,,-1
,19/01/2024 20:26,Corona Long Neck,,23,Venda,,,-2
,19/01/2024 20:06,Heineken Latão,,3,Venda,,,-2
,19/01/2024 19:47,Cachaça Chora Rita,,113,Venda,,,-1
,19/01/2024 19:24,Itaipava Latão,,28,Venda,,,-2
,19/01/2024 19:18,Coca Cola 2L,,58,Venda,,,-1
,19/01/2024 19:16,Corote Ice Sex on the Beach,,153,Venda,,,-2
,19/01/2024 18:54,Água Tônica 1L,,37,Venda,,,-1
,,,,,,,,
,79,, / 145,,,,"Gerado em 03/04/24
22:00:00",
,,,,,,,,
,,,,,,,,
,Histórico de estoque,,,,,,,
,Data,Produto,,Código,Movimentação,,,Qtd
,19/01/2024 18:47,Fumo Trevo,,50,Venda,,,-1
,19/01/2024 18:47,Itaipava Latão,,28,Venda,,,-1
,19/01/2024 18:41,Dunhill Calton,,45,Venda,,,-2
,19/01/2024 18:30,Rothmans Azul,,46,Venda,,,-1
,19/01/2024 18:30,Império Branca Latão,,31,Venda,,,-1
,19/01/2024 17:26,Itaipava Latão,,28,Venda,,,-1
,19/01/2024 16:14,Rothmans Azul,,46,Venda,,,-1
,19/01/2024 16:14,Heineken Latão,,3,Venda,,,-1
,19/01/2024 16:12,Coca Cola 2L,,58,Venda,,,-1
,19/01/2024 16:07,Coca Cola 2L,,58,Venda,,,-1
,,,,,,,,
,80,, / 145,,,,"Gerado em 03/04/24
22:00:00",
,,,,,,,,
,,,,,,,,
,Histórico de estoque,,,,,,,
,Data,Produto,,Código,Movimentação,,,Qtd
,19/01/2024 15:43,Cachaça Chora Rita,,113,Venda,,,-1
,19/01/2024 15:30,Água c/gás 510ml,,35,Venda,,,-3
,19/01/2024 00:27,Itaipava Latão,,28,Venda,,,-3
,19/01/2024 00:27,Dunhill Calton,,45,Venda,,,-1
,19/01/2024 00:18,Big Big,,150,Venda,,,-2
,19/01/2024 00:11,Spaten Long Neck,,10,Venda,,,-1
,19/01/2024 00:09,Heineken Long Neck,,1,Venda,,,-1
,19/01/2024 00:09,Spaten Latão,,11,Venda,,,-2
,19/01/2024 00:08,Sprite 2L,,146,Venda,,,-1
,18/01/2024 23:48,Heineken Latão,,3,Venda,,,-2
,,,,,,,,
,81,, / 145,,,,"Gerado em 03/04/24
22:00:00",
,,,,,,,,
,,,,,,,,
,Histórico de estoque,,,,,,,
,Data,Produto,,Código,Movimentação,,,Qtd
,18/01/2024 23:38,Itaipava Latão,,28,Venda,,,-7
,18/01/2024 23:38,Coca Cola 350ml,,55,Venda,,,-1
,18/01/2024 23:32,Dunhill Calton,,45,Venda,,,-1
,18/01/2024 23:26,Coca Cola 2L,,58,Venda,,,-1
,18/01/2024 23:21,Coca Cola 2L,,58,Venda,,,-1
,18/01/2024 23:19,Corona Long Neck,,23,Venda,,,-1
,18/01/2024 23:19,Original Latão,,15,Venda,,,-1
,18/01/2024 23:11,Malboro Vista Purple,,41,Venda,,,-1
,18/01/2024 23:11,Petra Latão,,30,Venda,,,-5
,18/01/2024 22:35,"Guaraná Antarctica 1,5L",,181,Venda,,,-1
,,,,,,,,
,82,, / 145,,,,"Gerado em 03/04/24
22:00:00",
,,,,,,,,
,,,,,,,,
,Histórico de estoque,,,,,,,
,Data,Produto,,Código,Movimentação,,,Qtd
,18/01/2024 22:34,Spaten Latão,,11,Venda,,,-2
,18/01/2024 22:14,Itaipava Latão,,28,Venda,,,-3
,18/01/2024 22:09,Heineken Long Neck,,1,Venda,,,-2
,18/01/2024 21:32,Itaipava Latão,,28,Venda,,,-3
,18/01/2024 21:31,Petra Latão,,30,Venda,,,-2
,18/01/2024 21:30,Lucky Strike Double Fresh,,44,Venda,,,-1
,18/01/2024 21:30,Budweiser Long Neck,,16,Venda,,,-2
,18/01/2024 20:58,Sprite 2L,,146,Venda,,,-1
,18/01/2024 20:55,Petra Latão,,30,Venda,,,-4
,18/01/2024 20:46,Petra Latão,,30,Venda,,,-1
,,,,,,,,
,83,, / 145,,,,"Gerado em 03/04/24
22:00:00",
,,,,,,,,
,,,,,,,,
,Histórico de estoque,,,,,,,
,Data,Produto,,Código,Movimentação,,,Qtd
,18/01/2024 20:44,Cachaça Chora Rita,,113,Venda,,,-1
,18/01/2024 20:38,Isqueiro Mini,,49,Venda,,,-1
,18/01/2024 20:26,Água c/gás 510ml,,35,Venda,,,-1
,18/01/2024 20:09,Itaipava 1L,,29,Venda,,,-2
,18/01/2024 19:12,Corote Ice Pink,,80,Venda,,,-2
,18/01/2024 19:04,Isqueiro Mini,,49,Venda,,,-1
,18/01/2024 19:04,Cachaça Chora Rita,,113,Venda,,,-1
,18/01/2024 18:56,Rothmans Azul,,46,Venda,,,-1
,18/01/2024 18:45,Heineken Long Neck,,1,Venda,,,-1
,18/01/2024 18:35,Doritos 84g,,83,Venda,,,-1
,,,,,,,,
,84,, / 145,,,,"Gerado em 03/04/24
22:00:00",
,,,,,,,,
,,,,,,,,
,Histórico de estoque,,,,,,,
,Data,Produto,,Código,Movimentação,,,Qtd
,18/01/2024 18:35,Coca Cola 2L,,58,Venda,,,-1
,18/01/2024 18:28,Fumo Trevo,,50,Venda,,,-1
,18/01/2024 18:28,Seda BB,,53,Venda,,,-1
,18/01/2024 17:32,Itaipava Latão,,28,Venda,,,-1
,18/01/2024 17:20,Halls Preta,,94,Venda,,,-1
,18/01/2024 17:20,Monster Pipeline,,75,Venda,,,-1
,18/01/2024 17:12,"Água s/gás 1,5L",,39,Venda,,,-1
,18/01/2024 17:12,Monster Original 473ml,,72,Venda,,,-1
,18/01/2024 16:53,Guaraná UAI 2L,,176,Venda,,,-1
,18/01/2024 16:48,Rothmans Azul,,46,Venda,,,-1
,,,,,,,,
,85,, / 145,,,,"Gerado em 03/04/24
22:00:00",
,,,,,,,,
,,,,,,,,
,Histórico de estoque,,,,,,,
,Data,Produto,,Código,Movimentação,,,Qtd
,18/01/2024 16:46,"Guaraná Antarctica 1,5L",,181,Venda,,,-1
,18/01/2024 16:22,"Guaraná Antarctica 1,5L",,181,Produto,,,+12
,18/01/2024 16:22,Spaten 600ml ,,12,Produto,,,+12
,18/01/2024 16:22,Spaten Latão,,11,Produto,,,+36
,18/01/2024 15:08,Coca Cola Zero 2L,,57,Venda,,,-1
,18/01/2024 15:02,Coca Cola 2L,,58,Venda,,,-1
,18/01/2024 15:02,TNT Original,,68,Venda,,,-1
,18/01/2024 00:42,Amstel Latão,,26,Venda,,,-1
,18/01/2024 00:42,Heineken Zero Long Neck,,195,Venda,,,-1
,18/01/2024 00:32,Heineken Latão,,3,Venda,,,-2
,,,,,,,,
,86,, / 145,,,,"Gerado em 03/04/24
22:00:00",
,,,,,,,,
,,,,,,,,
,Histórico de estoque,,,,,,,
,Data,Produto,,Código,Movimentação,,,Qtd
,18/01/2024 00:17,Zumbitos Cebola 100g,,186,Venda,,,-1
,18/01/2024 00:15,Coca Cola 2L Retornável,,60,Venda,,,-1
,18/01/2024 00:12,Rothmans Global,,177,Venda,,,-1
,18/01/2024 00:08,Guaraná UAI 2L,,176,Venda,,,-1
,18/01/2024 00:08,Cebolitos 110g,,85,Venda,,,-1
,18/01/2024 00:08,Spaten Latão,,11,Venda,,,-1
,18/01/2024 00:08,Água s/gás 510ml,,38,Venda,,,-1
,17/01/2024 23:59,Heineken Latão,,3,Venda,,,-1
,17/01/2024 23:45,Amstel Latão,,26,Venda,,,-6
,17/01/2024 23:15,Dunhill Calton,,45,Venda,,,-1
,,,,,,,,
,87,, / 145,,,,"Gerado em 03/04/24
22:00:00",
,,,,,,,,
,,,,,,,,
,Histórico de estoque,,,,,,,
,Data,Produto,,Código,Movimentação,,,Qtd
,17/01/2024 23:10,Coca Cola 2L,,58,Venda,,,-1
,17/01/2024 22:56,Itaipava Latão,,28,Venda,,,-3
,17/01/2024 22:43,Amstel Latão,,26,Venda,,,-6
,17/01/2024 22:10,Brahma Latão,,19,Venda,,,-1
,17/01/2024 22:03,"Guaraná Antarctica 1,5L",,181,Venda,,,-1
,17/01/2024 21:57,Souza Paiol,,40,Venda,,,-1
,17/01/2024 21:33,Cachaça Chora Rita,,113,Venda,,,-1
,17/01/2024 20:59,Itaipava Latão,,28,Venda,,,-3
,17/01/2024 20:06,Heineken Long Neck,,1,Venda,,,-1
,17/01/2024 19:55,Água s/gás 510ml,,38,Venda,,,-1
,,,,,,,,
,88,, / 145,,,,"Gerado em 03/04/24
22:00:00",
,,,,,,,,
,,,,,,,,
,Histórico de estoque,,,,,,,
,Data,Produto,,Código,Movimentação,,,Qtd
,17/01/2024 19:55,Sprite 2L,,146,Venda,,,-1
,17/01/2024 19:55,Fanta Laranja 2L,,63,Venda,,,-1
,17/01/2024 19:50,Cachaça Chora Rita,,113,Venda,,,-1
,17/01/2024 19:50,Itaipava Latão,,28,Venda,,,-2
,17/01/2024 19:20,Corote Ice Sex on the Beach,,153,Venda,,,-1
,17/01/2024 19:12,"Guaraná Antarctica 1,5L",,181,Venda,,,-1
,17/01/2024 18:18,Império Branca Latão,,31,Venda,,,-3
,17/01/2024 17:51,Coca Cola 2L Retornável,,60,Produto,,,+36
,17/01/2024 17:51,Coca Cola 2L,,58,Produto,,,+18
,17/01/2024 17:51,Coca Cola Zero 2L,,57,Produto,,,+12
,,,,,,,,
,89,, / 145,,,,"Gerado em 03/04/24
22:00:00",
,,,,,,,,
,,,,,,,,
,Histórico de estoque,,,,,,,
,Data,Produto,,Código,Movimentação,,,Qtd
,17/01/2024 17:41,Lucky Strike Double Fresh,,44,Venda,,,-1
,17/01/2024 17:41,Start 2L,,71,Venda,,,-1
,17/01/2024 17:41,Doritos 53g,,84,Venda,,,-2
,17/01/2024 17:41,Coca Cola 2L,,58,Venda,,,-1
,17/01/2024 17:17,Itaipava Latão,,28,Venda,,,-1
,17/01/2024 17:05,Sprite 2L,,146,Produto,,,+12
,17/01/2024 17:05,Coca Cola 2L,,58,Produto,,,+48
,17/01/2024 17:05,Coca Cola Zero 2L,,57,Produto,,,+5
,17/01/2024 15:52,Coca Cola 2L,,58,Venda,,,-1
,17/01/2024 15:50,Coca Cola Zero 350ml,,56,Produto,,,-1
,,,,,,,,
,90,, / 145,,,,"Gerado em 03/04/24
22:00:00",
,,,,,,,,
,,,,,,,,
,Histórico de estoque,,,,,,,
,Data,Produto,,Código,Movimentação,,,Qtd
,17/01/2024 15:49,Coca Cola 350ml,,55,Produto,,,+1
,17/01/2024 15:49,Coca Cola 350ml,,55,Venda,,,-1
,17/01/2024 15:47,Coca Cola 350ml,,55,Venda,,,-1
,17/01/2024 15:47,Rothmans Azul,,46,Venda,,,-1
,17/01/2024 15:24,Fanta Uva 2L,,65,Venda,,,-1
,17/01/2024 15:05,TNT Juice Mango 473ml,,69,Venda,,,-1
,17/01/2024 15:05,Coca Cola 2L,,58,Venda,,,-1
,17/01/2024 14:53,Itaipava Latão,,28,Venda,,,-3
,17/01/2024 14:41,Guaraná UAI 2L,,176,Venda,,,-1
,17/01/2024 01:14,Monster Original 473ml,,72,Venda,,,-1
,,,,,,,,
,91,, / 145,,,,"Gerado em 03/04/24
22:00:00",
,,,,,,,,
,,,,,,,,
,Histórico de estoque,,,,,,,
,Data,Produto,,Código,Movimentação,,,Qtd
,17/01/2024 01:07,"Guaraná Antarctica 1,5L",,181,Venda,,,-1
,17/01/2024 01:02,Heineken Latão,,3,Venda,,,-3
,17/01/2024 00:32,Heineken Latão,,3,Venda,,,-1
,17/01/2024 00:32,Isqueiro Mini,,49,Venda,,,-1
,17/01/2024 00:30,Rothmans Azul,,46,Venda,,,-1
,17/01/2024 00:24,Dunhill Calton,,45,Venda,,,-1
,17/01/2024 00:24,Coca Cola 350ml,,55,Venda,,,-1
,17/01/2024 00:24,Itaipava Latão,,28,Venda,,,-1
,17/01/2024 00:23,Império Branca Latão,,31,Venda,,,-1
,17/01/2024 00:19,Coca Cola 2L,,58,Venda,,,-1
,,,,,,,,
,92,, / 145,,,,"Gerado em 03/04/24
22:00:00",
,,,,,,,,
,,,,,,,,
,Histórico de estoque,,,,,,,
,Data,Produto,,Código,Movimentação,,,Qtd
,17/01/2024 00:19,Coca Cola Zero 350ml,,56,Venda,,,-2
,17/01/2024 00:00,Gelo de Coco,,118,Venda,,,-1
,17/01/2024 00:00,Gelo de Maçã Verde,,120,Venda,,,-2
,16/01/2024 23:45,Rothmans Vermelho,,47,Venda,,,-1
,16/01/2024 23:45,Heineken 600ml,,4,Venda,,,-1
,16/01/2024 23:45,Heineken Latão,,3,Venda,,,-2
,16/01/2024 23:15,Fanta Laranja 2L,,63,Venda,,,-1
,16/01/2024 23:12,Império Branca Latão,,31,Venda,,,-3
,16/01/2024 23:10,Amstel Latão,,26,Venda,,,-6
,16/01/2024 23:06,TNT Juice Mango 473ml,,69,Venda,,,-1
,,,,,,,,
,93,, / 145,,,,"Gerado em 03/04/24
22:00:00",
,,,,,,,,
,,,,,,,,
,Histórico de estoque,,,,,,,
,Data,Produto,,Código,Movimentação,,,Qtd
,16/01/2024 23:06,Zumbitos Churrasco 100g,,188,Venda,,,-1
,16/01/2024 23:04,Itaipava 1L,,29,Venda,,,-1
,16/01/2024 23:04,Guaraná UAI 2L,,176,Venda,,,-1
,16/01/2024 22:41,Guaraná UAI 2L,,176,Venda,,,-1
,16/01/2024 22:36,Malboro Ice Burst,,42,Venda,,,-1
,16/01/2024 22:32,Cachaça Chora Rita,,113,Venda,,,-1
,16/01/2024 22:30,Heineken Latão,,3,Venda,,,-4
,16/01/2024 22:22,Spaten Latão,,11,Venda,,,-2
,16/01/2024 22:13,Coca Cola 350ml,,55,Venda,,,-1
,16/01/2024 22:13,Itaipava Latão,,28,Venda,,,-13
,,,,,,,,
,94,, / 145,,,,"Gerado em 03/04/24
22:00:00",
,,,,,,,,
,,,,,,,,
,Histórico de estoque,,,,,,,
,Data,Produto,,Código,Movimentação,,,Qtd
,16/01/2024 21:44,Doritos 53g,,84,Venda,,,-2
,16/01/2024 21:21,Itaipava Latão,,28,Venda,,,-3
,16/01/2024 21:21,Heineken Latão,,3,Venda,,,-1
,16/01/2024 21:11,Corote Maracujá,,152,Venda,,,-1
,16/01/2024 21:11,Souza Paiol,,40,Venda,,,-1
,16/01/2024 21:08,Itaipava 1L,,29,Venda,,,-1
,16/01/2024 21:05,Itaipava Latão,,28,Venda,,,-2
,16/01/2024 20:48,Zumbitos Presunto 100g,,190,Venda,,,-2
,16/01/2024 20:42,Cachaça Chora Rita,,113,Venda,,,-1
,16/01/2024 20:28,Itaipava Latão,,28,Venda,,,-6
,,,,,,,,
,95,, / 145,,,,"Gerado em 03/04/24
22:00:00",
,,,,,,,,
,,,,,,,,
,Histórico de estoque,,,,,,,
,Data,Produto,,Código,Movimentação,,,Qtd
,16/01/2024 20:15,Coca Cola 2L Retornável,,60,Venda,,,-1
,16/01/2024 20:07,Gelo 4Kg,,132,Venda,,,-1
,16/01/2024 19:58,Coca Cola 2L,,58,Venda,,,-1
,16/01/2024 19:25,Itaipava 1L,,29,Produto,,,+36
,16/01/2024 19:25,Amstel 1L,,27,Produto,,,+36
,16/01/2024 19:25,Heineken Zero 350ml,,2,Produto,,,+12
,16/01/2024 19:25,Amstel Latão,,26,Produto,,,+60
,16/01/2024 19:23,Itaipava Latão,,28,Venda,,,-3
,16/01/2024 01:20,Itaipava 1L,,29,Venda,,,-1
,16/01/2024 01:04,Amstel Latão,,26,Venda,,,-3
,,,,,,,,
,96,, / 145,,,,"Gerado em 03/04/24
22:00:00",
,,,,,,,,
,,,,,,,,
,Histórico de estoque,,,,,,,
,Data,Produto,,Código,Movimentação,,,Qtd
,16/01/2024 00:50,Coca Cola 2L,,58,Venda,,,-3
,16/01/2024 00:40,Água s/gás 510ml,,38,Venda,,,-1
,16/01/2024 00:39,Ice Off 275ml,,78,Venda,,,-1
,16/01/2024 00:36,Guaraná UAI 2L,,176,Venda,,,-1
,16/01/2024 00:36,Gelo 4Kg,,132,Venda,,,-1
,16/01/2024 00:22,Coca Cola 2L,,58,Venda,,,-1
,16/01/2024 00:18,Itaipava Latão,,28,Venda,,,-1
,16/01/2024 00:17,Corote Limão,,114,Venda,,,-1
,16/01/2024 00:17,Itaipava Latão,,28,Venda,,,-4
,16/01/2024 00:12,Heineken 600ml,,4,Venda,,,-1
,,,,,,,,
,97,, / 145,,,,"Gerado em 03/04/24
22:00:00",
,,,,,,,,
,,,,,,,,
,Histórico de estoque,,,,,,,
,Data,Produto,,Código,Movimentação,,,Qtd
,16/01/2024 00:03,Itaipava 1L,,29,Venda,,,-2
,16/01/2024 00:03,Coca Cola 2L,,58,Venda,,,-1
,15/01/2024 23:58,Fanta Laranja 2L,,63,Venda,,,-1
,15/01/2024 23:41,Coca Cola 2L Retornável,,60,Venda,,,-1
,15/01/2024 23:20,Dunhill Calton,,45,Venda,,,-1
,15/01/2024 23:02,Amstel Latão,,26,Venda,,,-6
,15/01/2024 22:39,Coca Cola 2L,,58,Venda,,,-1
,15/01/2024 22:37,Lucky Strike Vermelho,,43,Venda,,,-1
,15/01/2024 22:16,Doritos 53g,,84,Venda,,,-1
,15/01/2024 22:05,Heineken Latão,,3,Venda,,,-2
,,,,,,,,
,98,, / 145,,,,"Gerado em 03/04/24
22:00:00",
,,,,,,,,
,,,,,,,,
,Histórico de estoque,,,,,,,
,Data,Produto,,Código,Movimentação,,,Qtd
,15/01/2024 21:49,Rothmans Vermelho,,47,Venda,,,-1
,15/01/2024 21:41,Zumbitos Presunto 100g,,190,Venda,,,-1
,15/01/2024 21:35,Antarctica Latão,,14,Venda,,,-1
,15/01/2024 21:29,Heineken Latão,,3,Venda,,,-1
,15/01/2024 21:26,Suco Dell Vale Laranja 1L,,116,Venda,,,-1
,15/01/2024 21:26,Guaraná UAI 2L,,176,Venda,,,-1
,15/01/2024 21:26,Império 600ml ,,33,Venda,,,-4
,15/01/2024 21:24,Itaipava Latão,,28,Venda,,,-3
,15/01/2024 21:21,Água s/gás 510ml,,38,Venda,,,-1
,15/01/2024 21:06,Brahma Latão,,19,Venda,,,-1
,,,,,,,,
,99,, / 145,,,,"Gerado em 03/04/24
22:00:00",
,,,,,,,,
,,,,,,,,
,Histórico de estoque,,,,,,,
,Data,Produto,,Código,Movimentação,,,Qtd
,15/01/2024 20:48,Cachaça Chora Rita,,113,Venda,,,-2
,15/01/2024 20:30,Rothmans Azul,,46,Venda,,,-1
,15/01/2024 20:30,Itaipava 1L,,29,Venda,,,-1
,15/01/2024 15:54,Coca Cola 2L,,58,Produto,,,+18
,15/01/2024 15:54,Itaipava Latão,,28,Produto,,,+480
,15/01/2024 15:54,Heineken Latão,,3,Produto,,,+24
,15/01/2024 15:49,Guaraná UAI 2L,,176,Produto,,,+60
,15/01/2024 13:19,Seda BB,,53,Venda,,,-1
,15/01/2024 13:19,Fumo Trevo,,50,Venda,,,-1
,14/01/2024 23:03,Fandangos 37g,,88,Venda,,,-1
,,,,,,,,
,100,, / 145,,,,"Gerado em 03/04/24
22:00:00",
,,,,,,,,
,,,,,,,,
,Histórico de estoque,,,,,,,
,Data,Produto,,Código,Movimentação,,,Qtd
,14/01/2024 23:03,Corote Maracujá,,152,Venda,,,-1
,14/01/2024 22:54,Dunhill Calton,,45,Venda,,,-1
,14/01/2024 22:54,Itaipava Latão,,28,Venda,,,-12
,14/01/2024 22:39,Sprite 2L,,146,Venda,,,-1
,14/01/2024 22:31,"Guaraná Antarctica 1,5L",,181,Venda,,,-1
,14/01/2024 22:25,RedBull 250ml,,70,Venda,,,-1
,14/01/2024 22:25,Gelo 4Kg,,132,Venda,,,-1
,14/01/2024 22:23,Malboro Vista Purple,,41,Venda,,,-1
,14/01/2024 22:23,Amstel Latão,,26,Venda,,,-6
,14/01/2024 22:20,Gelo de Maracujá,,179,Venda,,,-1
,,,,,,,,
,101,, / 145,,,,"Gerado em 03/04/24
22:00:00",
,,,,,,,,
,,,,,,,,
,Histórico de estoque,,,,,,,
,Data,Produto,,Código,Movimentação,,,Qtd
,14/01/2024 22:20,Gelo de Morango,,119,Venda,,,-2
,14/01/2024 22:17,Start 2L,,71,Venda,,,-1
,14/01/2024 22:10,Água c/gás 510ml,,35,Venda,,,-2
,14/01/2024 22:10,Império Branca Latão,,31,Venda,,,-3
,14/01/2024 22:03,Coca Cola Zero 350ml,,56,Venda,,,-1
,14/01/2024 21:59,Coca Cola Zero 350ml,,56,Venda,,,-1
,14/01/2024 21:59,"Guaraná Antarctica 1,5L",,181,Venda,,,-1
,14/01/2024 21:59,Fanta Uva 2L,,65,Venda,,,-1
,14/01/2024 21:59,Coca Cola 2L,,58,Venda,,,-1
,14/01/2024 21:53,Itaipava Latão,,28,Venda,,,-1
,,,,,,,,
,102,, / 145,,,,"Gerado em 03/04/24
22:00:00",
,,,,,,,,
,,,,,,,,
,Histórico de estoque,,,,,,,
,Data,Produto,,Código,Movimentação,,,Qtd
,14/01/2024 21:53,Heineken 600ml,,4,Venda,,,-2
,14/01/2024 21:05,Itaipava Latão,,28,Venda,,,-3
,14/01/2024 20:55,Coca Cola 350ml,,55,Venda,,,-1
,14/01/2024 20:55,Amstel 1L,,27,Venda,,,-12
,14/01/2024 20:45,Coca Cola 350ml,,55,Venda,,,-1
,14/01/2024 20:36,Amstel Latão,,26,Venda,,,-12
,14/01/2024 20:33,Amstel Latão,,26,Venda,,,-1
,14/01/2024 20:32,Big Big,,150,Venda,,,-4
,14/01/2024 20:32,Pirulito,,93,Venda,,,-4
,14/01/2024 20:32,Monster Original 473ml,,72,Venda,,,-1
,,,,,,,,
,103,, / 145,,,,"Gerado em 03/04/24
22:00:00",
,,,,,,,,
,,,,,,,,
,Histórico de estoque,,,,,,,
,Data,Produto,,Código,Movimentação,,,Qtd
,14/01/2024 20:32,Monster Mango Loco 473ml,,74,Venda,,,-2
,14/01/2024 20:29,Amstel 1L,,27,Venda,,,-2
,14/01/2024 20:15,Cachaça Chora Rita,,113,Venda,,,-1
,14/01/2024 20:15,Rothmans Global,,177,Venda,,,-1
,14/01/2024 19:23,Heineken Latão,,3,Venda,,,-4
,14/01/2024 18:51,Dunhill Calton,,45,Venda,,,-1
,14/01/2024 18:50,"Guaraná Antarctica 1,5L",,181,Venda,,,-1
,14/01/2024 18:50,Coca Cola 2L,,58,Venda,,,-1
,14/01/2024 18:48,Itaipava Latão,,28,Venda,,,-12
,14/01/2024 18:48,Lucky Strike Double Fresh,,44,Venda,,,-1
,,,,,,,,
,104,, / 145,,,,"Gerado em 03/04/24
22:00:00",
,,,,,,,,
,,,,,,,,
,Histórico de estoque,,,,,,,
,Data,Produto,,Código,Movimentação,,,Qtd
,14/01/2024 18:48,Dunhill Calton,,45,Venda,,,-1
,14/01/2024 17:38,Rothmans Global,,177,Venda,,,-2
,14/01/2024 17:07,Itaipava 1L,,29,Venda,,,-1
,14/01/2024 17:05,Cachaça Chora Rita,,113,Venda,,,-1
,14/01/2024 17:04,Coca Cola 2L Retornável,,60,Venda,,,-1
,14/01/2024 16:57,Heineken Latão,,3,Venda,,,-4
,14/01/2024 16:57,Coca Cola Zero 2L,,57,Venda,,,-1
,14/01/2024 16:48,Kit Kat ,,92,Venda,,,-1
,14/01/2024 16:48,Baton,,95,Venda,,,-1
,14/01/2024 16:48,Coca Cola 2L Retornável,,60,Venda,,,-1
,,,,,,,,
,105,, / 145,,,,"Gerado em 03/04/24
22:00:00",
,,,,,,,,
,,,,,,,,
,Histórico de estoque,,,,,,,
,Data,Produto,,Código,Movimentação,,,Qtd
,14/01/2024 16:38,Coca Cola Zero 2L,,57,Venda,,,-1
,14/01/2024 16:32,Coca Cola 2L,,58,Venda,,,-1
,14/01/2024 16:20,Cachaça Chora Rita,,113,Venda,,,-1
,14/01/2024 16:20,Itaipava Latão,,28,Venda,,,-1
,14/01/2024 16:01,Bohemia Latão,,22,Venda,,,-1
,14/01/2024 15:21,Gelo 4Kg,,132,Venda,,,-1
,14/01/2024 15:19,Rothmans Global,,177,Venda,,,-1
,14/01/2024 15:19,Itaipava Latão,,28,Venda,,,-6
,14/01/2024 15:17,Coca Cola 2L,,58,Venda,,,-1
,14/01/2024 15:02,Itaipava Latão,,28,Venda,,,-6
,,,,,,,,
,106,, / 145,,,,"Gerado em 03/04/24
22:00:00",
,,,,,,,,
,,,,,,,,
,Histórico de estoque,,,,,,,
,Data,Produto,,Código,Movimentação,,,Qtd
,14/01/2024 15:02,Sprite 2L,,146,Venda,,,-1
,14/01/2024 15:02,Coca Cola 2L,,58,Venda,,,-2
,14/01/2024 15:00,Bohemia Latão,,22,Venda,,,-2
,14/01/2024 15:00,Amstel 1L,,27,Venda,,,-1
,14/01/2024 14:58,Pirulito,,93,Venda,,,-1
,14/01/2024 14:58,Paçoca,,96,Venda,,,-1
,14/01/2024 14:58,Amstel 1L,,27,Venda,,,-1
,14/01/2024 14:57,Suco Dell Vale Uva 1L,,115,Venda,,,-1
,14/01/2024 14:55,"Guaraná Antarctica 1,5L",,181,Venda,,,-1
,14/01/2024 14:55,Fanta Laranja 2L,,63,Venda,,,-1
,,,,,,,,
,107,, / 145,,,,"Gerado em 03/04/24
22:00:00",
,,,,,,,,
,,,,,,,,
,Histórico de estoque,,,,,,,
,Data,Produto,,Código,Movimentação,,,Qtd
,14/01/2024 14:55,Heineken Zero 350ml,,2,Venda,,,-12
,14/01/2024 14:38,Brahma Malzbier 350ml,,18,Venda,,,-1
,14/01/2024 14:29,Itaipava Latão,,28,Venda,,,-3
,14/01/2024 14:28,Coca Cola 2L,,58,Venda,,,-1
,14/01/2024 14:20,Baton,,95,Venda,,,-2
,14/01/2024 14:19,Amstel 1L,,27,Venda,,,-1
,14/01/2024 14:06,Água s/gás 510ml,,38,Venda,,,-1
,14/01/2024 13:40,Fanta Uva 350ml,,66,Venda,,,-1
,14/01/2024 13:40,Itaipava Latão,,28,Venda,,,-3
,14/01/2024 01:31,Coca Cola 2L,,58,Venda,,,-1
,,,,,,,,
,108,, / 145,,,,"Gerado em 03/04/24
22:00:00",
,,,,,,,,
,,,,,,,,
,Histórico de estoque,,,,,,,
,Data,Produto,,Código,Movimentação,,,Qtd
,14/01/2024 01:31,Amstel 1L,,27,Venda,,,-4
,14/01/2024 01:25,Coca Cola 2L,,58,Venda,,,-1
,14/01/2024 01:20,TNT Juice Mango 473ml,,69,Venda,,,-1
,14/01/2024 01:20,Fanta Laranja 350ml,,64,Venda,,,-1
,14/01/2024 01:11,Heineken Latão,,3,Venda,,,-2
,14/01/2024 01:05,Itaipava Latão,,28,Venda,,,-1
,14/01/2024 01:03,Coca Cola 2L Retornável,,60,Venda,,,-1
,14/01/2024 01:03,Itaipava Latão,,28,Venda,,,-6
,14/01/2024 00:49,Água Tônica 1L,,37,Venda,,,-1
,14/01/2024 00:43,Coca Cola 2L,,58,Venda,,,-1
,,,,,,,,
,109,, / 145,,,,"Gerado em 03/04/24
22:00:00",
,,,,,,,,
,,,,,,,,
,Histórico de estoque,,,,,,,
,Data,Produto,,Código,Movimentação,,,Qtd
,14/01/2024 00:07,Coca Cola Zero 2L,,57,Venda,,,-1
,14/01/2024 00:06,Coca Cola 2L,,58,Venda,,,-2
,13/01/2024 23:59,Heineken Latão,,3,Venda,,,-1
,13/01/2024 23:51,Amstel Latão,,26,Venda,,,-4
,13/01/2024 23:47,Coca Cola 2L,,58,Venda,,,-3
,13/01/2024 23:46,Corona Long Neck,,23,Venda,,,-3
,13/01/2024 23:42,Heineken Latão,,3,Venda,,,-1
,13/01/2024 23:30,Itaipava Latão,,28,Venda,,,-1
,13/01/2024 23:28,Baly Tropical 2L,,167,Venda,,,-1
,13/01/2024 23:28,Carvão 2kg,,134,Venda,,,-1
,,,,,,,,
,110,, / 145,,,,"Gerado em 03/04/24
22:00:00",
,,,,,,,,
,,,,,,,,
,Histórico de estoque,,,,,,,
,Data,Produto,,Código,Movimentação,,,Qtd
,13/01/2024 23:27,Itaipava Latão,,28,Venda,,,-3
,13/01/2024 23:23,Ice Off 275ml,,78,Venda,,,-6
,13/01/2024 23:22,Pink Moon 600ml,,117,Venda,,,-2
,13/01/2024 23:13,Pink Moon 600ml,,117,Venda,,,-1
,13/01/2024 23:09,Spaten 600ml ,,12,Venda,,,-7
,13/01/2024 23:06,Itaipava Latão,,28,Venda,,,-1
,13/01/2024 22:57,Água c/gás 510ml,,35,Venda,,,-2
,13/01/2024 22:57,Sprite 2L,,146,Venda,,,-1
,13/01/2024 22:55,Amstel 1L,,27,Venda,,,-1
,13/01/2024 22:51,Corona Long Neck,,23,Venda,,,-4
,,,,,,,,
,111,, / 145,,,,"Gerado em 03/04/24
22:00:00",
,,,,,,,,
,,,,,,,,
,Histórico de estoque,,,,,,,
,Data,Produto,,Código,Movimentação,,,Qtd
,13/01/2024 22:51,Coca Cola 2L,,58,Venda,,,-2
,13/01/2024 22:51,"Guaraná Antarctica 1,5L",,181,Venda,,,-1
,13/01/2024 22:10,Dose Chora Rita (50ml),,196,Venda,,,-1
,13/01/2024 21:54,Isqueiro Mini,,49,Venda,,,-1
,13/01/2024 21:54,Cheetos Onda 45g,,90,Venda,,,-1
,13/01/2024 21:54,Brahma Latão,,19,Venda,,,-12
,13/01/2024 21:52,Itaipava Latão,,28,Venda,,,-3
,13/01/2024 21:51,Pink Moon 600ml,,117,Venda,,,-1
,13/01/2024 21:50,Coca Cola 2L,,58,Venda,,,-2
,13/01/2024 21:50,Guaraná UAI 2L,,176,Venda,,,-3
,,,,,,,,
,112,, / 145,,,,"Gerado em 03/04/24
22:00:00",
,,,,,,,,
,,,,,,,,
,Histórico de estoque,,,,,,,
,Data,Produto,,Código,Movimentação,,,Qtd
,13/01/2024 21:40,Itaipava Latão,,28,Venda,,,-6
,13/01/2024 21:15,Rothmans Azul,,46,Venda,,,-1
,13/01/2024 21:15,Spaten Latão,,11,Venda,,,-2
,13/01/2024 21:15,Amstel Latão,,26,Venda,,,-2
,13/01/2024 20:52,Itaipava Latão,,28,Venda,,,-3
,13/01/2024 20:49,Itaipava Latão,,28,Venda,,,-6
,13/01/2024 20:49,Ice Off 275ml,,78,Venda,,,-3
,13/01/2024 20:49,Itaipava Latão,,28,Venda,,,-6
,13/01/2024 20:39,Itaipava 1L,,29,Venda,,,-1
,13/01/2024 20:21,Start 2L,,71,Venda,,,-1
,,,,,,,,
,113,, / 145,,,,"Gerado em 03/04/24
22:00:00",
,,,,,,,,
,,,,,,,,
,Histórico de estoque,,,,,,,
,Data,Produto,,Código,Movimentação,,,Qtd
,13/01/2024 20:19,Whisky Black Fire 1L,,105,Venda,,,-1
,13/01/2024 20:11,Itaipava Latão,,28,Venda,,,-3
,13/01/2024 19:20,Coca Cola 350ml,,55,Venda,,,-1
,13/01/2024 19:03,Itaipava Latão,,28,Venda,,,-3
,13/01/2024 18:57,Rothmans Global,,177,Venda,,,-1
,13/01/2024 18:33,Spaten 600ml ,,12,Produto,,,+12
,13/01/2024 18:33,Brahma Latão,,19,Produto,,,+24
,13/01/2024 18:33,Bohemia Latão,,22,Produto,,,+24
,13/01/2024 18:32,"Água s/gás 1,5L",,39,Produto,,,+6
,13/01/2024 18:32,Água Tônica 350ml,,36,Produto,,,+12
,,,,,,,,
,114,, / 145,,,,"Gerado em 03/04/24
22:00:00",
,,,,,,,,
,,,,,,,,
,Histórico de estoque,,,,,,,
,Data,Produto,,Código,Movimentação,,,Qtd
,13/01/2024 18:32,Brahma Duplo Malte 473ml,,20,Produto,,,+24
,13/01/2024 18:31,Antarctica Latão,,14,Produto,,,+24
,13/01/2024 18:31,Skol Latão,,25,Produto,,,+35
,13/01/2024 18:31,Brahma 1L,,21,Produto,,,+12
,13/01/2024 18:29,Vodka Vorus 1L,,173,Produto,,,+1
,13/01/2024 18:29,Baly Tropical 473ml,,198,Produto,,,+6
,13/01/2024 18:27,Baly Melancia 473ml,,197,Produto,,,+12
,13/01/2024 18:18,Isqueiro Mini,,49,Venda,,,-1
,13/01/2024 18:18,Coca Cola 2L Retornável,,60,Venda,,,-1
,13/01/2024 18:18,Itaipava Latão,,28,Venda,,,-6
,,,,,,,,
,115,, / 145,,,,"Gerado em 03/04/24
22:00:00",
,,,,,,,,
,,,,,,,,
,Histórico de estoque,,,,,,,
,Data,Produto,,Código,Movimentação,,,Qtd
,13/01/2024 18:17,Itaipava Latão,,28,Venda,,,-3
,13/01/2024 17:58,Heineken Long Neck,,1,Produto,,,+24
,13/01/2024 17:54,Heineken Zero Long Neck,,195,Produto,,,+24
,13/01/2024 17:52,Start 2L,,71,Produto,,,+12
,13/01/2024 17:22,Itaipava Latão,,28,Venda,,,-6
,13/01/2024 17:22,RedBull Latão,,169,Venda,,,-1
,13/01/2024 16:47,Itaipava Latão,,28,Venda,,,-3
,13/01/2024 16:37,Malboro Vista Purple,,41,Venda,,,-1
,13/01/2024 16:37,Monster Pipeline,,75,Venda,,,-1
,13/01/2024 16:17,Coca Cola Zero 2L,,57,Venda,,,-1
,,,,,,,,
,116,, / 145,,,,"Gerado em 03/04/24
22:00:00",
,,,,,,,,
,,,,,,,,
,Histórico de estoque,,,,,,,
,Data,Produto,,Código,Movimentação,,,Qtd
,13/01/2024 16:04,"Guaraná Antarctica 1,5L",,181,Venda,,,-1
,13/01/2024 16:02,Itaipava Latão,,28,Venda,,,-3
,13/01/2024 15:48,"Guaraná Antarctica 1,5L",,181,Venda,,,-1
,13/01/2024 15:32,Itaipava Latão,,28,Venda,,,-9
,13/01/2024 15:29,Monster Original 473ml,,72,Venda,,,-1
,13/01/2024 15:29,Lucky Strike Vermelho,,43,Venda,,,-1
,13/01/2024 15:25,Stella Long Neck,,6,Venda,,,-1
,13/01/2024 15:19,Itaipava Latão,,28,Venda,,,-6
,13/01/2024 15:17,Carvão 2kg,,134,Venda,,,-1
,13/01/2024 14:56,Coca Cola 2L,,58,Venda,,,-1
,,,,,,,,
,117,, / 145,,,,"Gerado em 03/04/24
22:00:00",
,,,,,,,,
,,,,,,,,
,Histórico de estoque,,,,,,,
,Data,Produto,,Código,Movimentação,,,Qtd
,13/01/2024 14:33,Itaipava Latão,,28,Venda,,,-6
,13/01/2024 14:32,Itaipava Latão,,28,Venda,,,-1
,13/01/2024 14:32,Isqueiro Max,,48,Venda,,,-1
,13/01/2024 14:06,Itaipava Latão,,28,Venda,,,-1
,13/01/2024 14:05,Stella Long Neck,,6,Venda,,,-1
,13/01/2024 13:55,Monster Pipeline,,75,Venda,,,-2
,13/01/2024 13:55,Monster Mango Loco 473ml,,74,Venda,,,-2
,13/01/2024 01:48,Cachaça Chora Rita,,113,Venda,,,-1
,13/01/2024 01:39,Itaipava Latão,,28,Venda,,,-1
,13/01/2024 01:39,Corote Limão,,114,Venda,,,-1
,,,,,,,,
,118,, / 145,,,,"Gerado em 03/04/24
22:00:00",
,,,,,,,,
,,,,,,,,
,Histórico de estoque,,,,,,,
,Data,Produto,,Código,Movimentação,,,Qtd
,13/01/2024 01:01,Heineken Latão,,3,Venda,,,-1
,13/01/2024 00:56,Fanta Uva 350ml,,66,Venda,,,-1
,13/01/2024 00:56,Amstel Latão,,26,Venda,,,-4
,13/01/2024 00:39,Amstel Latão,,26,Venda,,,-3
,13/01/2024 00:29,Heineken Latão,,3,Venda,,,-2
,13/01/2024 00:20,Cachaça Chora Rita,,113,Venda,,,-1
,13/01/2024 00:17,Itaipava Latão,,28,Venda,,,-12
,13/01/2024 00:11,Heineken Latão,,3,Venda,,,-2
,13/01/2024 00:00,Heineken Long Neck,,1,Venda,,,-1
,12/01/2024 23:50,Coca Cola 2L,,58,Venda,,,-1
,,,,,,,,
,119,, / 145,,,,"Gerado em 03/04/24
22:00:00",
,,,,,,,,
,,,,,,,,
,Histórico de estoque,,,,,,,
,Data,Produto,,Código,Movimentação,,,Qtd
,12/01/2024 23:39,Monster Pipeline,,75,Venda,,,-1
,12/01/2024 23:37,Stella Long Neck,,6,Venda,,,-5
,12/01/2024 23:17,Fanta Laranja 2L,,63,Venda,,,-1
,12/01/2024 23:17,Guaraná 350ml,,62,Venda,,,-1
,12/01/2024 22:59,Skol Beats Tradicional 269ml,,77,Venda,,,-2
,12/01/2024 22:59,Doritos 84g,,83,Venda,,,-1
,12/01/2024 22:31,Itaipava Latão,,28,Venda,,,-3
,12/01/2024 22:27,Start 2L,,71,Venda,,,-2
,12/01/2024 22:27,Vodka Vorus 1L,,173,Venda,,,-1
,12/01/2024 22:25,Itaipava Latão,,28,Venda,,,-1
,,,,,,,,
,120,, / 145,,,,"Gerado em 03/04/24
22:00:00",
,,,,,,,,
,,,,,,,,
,Histórico de estoque,,,,,,,
,Data,Produto,,Código,Movimentação,,,Qtd
,12/01/2024 21:59,Souza Paiol,,40,Produto,,,+20
,12/01/2024 21:29,Amstel Latão,,26,Venda,,,-1
,12/01/2024 21:29,Sprite 2L,,146,Venda,,,-1
,12/01/2024 21:16,Lucky Strike Double Fresh,,44,Venda,,,-1
,12/01/2024 21:16,Itaipava Latão,,28,Venda,,,-12
,12/01/2024 21:12,Itaipava Latão,,28,Venda,,,-3
,12/01/2024 21:02,Coca Cola 2L,,58,Venda,,,-1
,12/01/2024 20:51,"Guaraná Antarctica 1,5L",,181,Venda,,,-1
,12/01/2024 20:39,Corote Limão,,114,Venda,,,-1
,12/01/2024 20:32,Itaipava Latão,,28,Venda,,,-6
,,,,,,,,
,121,, / 145,,,,"Gerado em 03/04/24
22:00:00",
,,,,,,,,
,,,,,,,,
,Histórico de estoque,,,,,,,
,Data,Produto,,Código,Movimentação,,,Qtd
,12/01/2024 20:02,Itaipava Latão,,28,Venda,,,-3
,12/01/2024 19:26,Itaipava Latão,,28,Venda,,,-1
,12/01/2024 19:24,Itaipava Latão,,28,Venda,,,-3
,12/01/2024 19:18,Lucky Strike Double Fresh,,44,Venda,,,-1
,12/01/2024 19:08,Itaipava Latão,,28,Venda,,,-1
,12/01/2024 19:08,Fumo Trevo,,50,Venda,,,-1
,12/01/2024 18:56,Doritos 53g,,84,Venda,,,-1
,12/01/2024 18:56,Cebolitos 33g,,86,Venda,,,-1
,12/01/2024 18:22,Coca Cola Zero 2L,,57,Venda,,,-1
,12/01/2024 17:33,Império Branca Latão,,31,Produto,,,+36
,,,,,,,,
,122,, / 145,,,,"Gerado em 03/04/24
22:00:00",
,,,,,,,,
,,,,,,,,
,Histórico de estoque,,,,,,,
,Data,Produto,,Código,Movimentação,,,Qtd
,12/01/2024 17:32,Império 600ml ,,33,Produto,,,+12
,12/01/2024 16:42,Monster Ultra 473ml,,73,Venda,,,-1
,12/01/2024 16:34,Monster Ultra 473ml,,73,Venda,,,-2
,12/01/2024 16:26,Trident Menta,,98,Venda,,,-1
,12/01/2024 16:26,Coca Cola 2L,,58,Venda,,,-1
,12/01/2024 16:22,Cachaça Chora Rita,,113,Venda,,,-1
,12/01/2024 16:07,Coca Cola 2L,,58,Venda,,,-1
,12/01/2024 15:55,Rothmans Vermelho,,47,Venda,,,-1
,12/01/2024 15:12,"Guaraná Antarctica 1,5L",,181,Venda,,,-1
,12/01/2024 01:33,Spaten Latão,,11,Venda,,,-1
,,,,,,,,
,123,, / 145,,,,"Gerado em 03/04/24
22:00:00",
,,,,,,,,
,,,,,,,,
,Histórico de estoque,,,,,,,
,Data,Produto,,Código,Movimentação,,,Qtd
,12/01/2024 01:33,Coca Cola 2L,,58,Venda,,,-1
,12/01/2024 01:08,Start 2L,,71,Venda,,,-1
,12/01/2024 00:54,Amstel Latão,,26,Venda,,,-6
,12/01/2024 00:38,Brahma Latão,,19,Venda,,,-3
,12/01/2024 00:34,Spaten Latão,,11,Venda,,,-2
,12/01/2024 00:34,Itaipava Latão,,28,Venda,,,-3
,12/01/2024 00:18,Heineken Latão,,3,Venda,,,-2
,12/01/2024 00:07,Corona Long Neck,,23,Venda,,,-4
,12/01/2024 00:07,Coca Cola 2L,,58,Venda,,,-1
,11/01/2024 23:27,Zumbitos Costela na brasa 100g,,189,Venda,,,-1
,,,,,,,,
,124,, / 145,,,,"Gerado em 03/04/24
22:00:00",
,,,,,,,,
,,,,,,,,
,Histórico de estoque,,,,,,,
,Data,Produto,,Código,Movimentação,,,Qtd
,11/01/2024 23:25,Budweiser Long Neck,,16,Venda,,,-1
,11/01/2024 23:24,Heineken Long Neck,,1,Venda,,,-1
,11/01/2024 23:17,Corote Limão,,114,Venda,,,-1
,11/01/2024 23:12,Cachaça Chora Rita,,113,Venda,,,-1
,11/01/2024 23:12,Rothmans Global,,177,Venda,,,-1
,11/01/2024 23:01,Ice Off 275ml,,78,Venda,,,-12
,11/01/2024 22:58,Heineken Long Neck,,1,Venda,,,-1
,11/01/2024 22:52,Rothmans Global,,177,Venda,,,-1
,11/01/2024 22:51,Itaipava Latão,,28,Venda,,,-3
,11/01/2024 22:40,Amstel 1L,,27,Venda,,,-2
,,,,,,,,
,125,, / 145,,,,"Gerado em 03/04/24
22:00:00",
,,,,,,,,
,,,,,,,,
,Histórico de estoque,,,,,,,
,Data,Produto,,Código,Movimentação,,,Qtd
,11/01/2024 22:39,Fanta Laranja 350ml,,64,Venda,,,-1
,11/01/2024 22:39,Itaipava Latão,,28,Venda,,,-3
,11/01/2024 22:23,Heineken Latão,,3,Venda,,,-1
,11/01/2024 21:55,Cheetos Onda 45g,,90,Venda,,,-1
,11/01/2024 21:55,Corona Long Neck,,23,Venda,,,-1
,11/01/2024 21:49,Itaipava Latão,,28,Venda,,,-3
,11/01/2024 21:46,Rothmans Azul,,46,Venda,,,-1
,11/01/2024 21:46,Cachaça Chora Rita,,113,Venda,,,-1
,11/01/2024 21:29,Cachaça Chora Rita,,113,Venda,,,-1
,11/01/2024 21:24,Heineken Long Neck,,1,Venda,,,-4
,,,,,,,,
,126,, / 145,,,,"Gerado em 03/04/24
22:00:00",
,,,,,,,,
,,,,,,,,
,Histórico de estoque,,,,,,,
,Data,Produto,,Código,Movimentação,,,Qtd
,11/01/2024 21:22,TNT Juice Mango 473ml,,69,Venda,,,-1
,11/01/2024 20:34,Stella Long Neck,,6,Venda,,,-6
,11/01/2024 20:29,Fanta Laranja 2L,,63,Venda,,,-1
,11/01/2024 20:29,Itaipava Latão,,28,Venda,,,-6
,11/01/2024 20:15,Souza Paiol,,40,Venda,,,-1
,11/01/2024 19:56,Petra Latão,,30,Venda,,,-4
,11/01/2024 19:41,Rothmans Global,,177,Produto,,,+10
,11/01/2024 19:41,Rothmans Vermelho,,47,Produto,,,+10
,11/01/2024 19:40,Rothmans Azul,,46,Produto,,,+20
,11/01/2024 19:40,Dunhill Calton,,45,Produto,,,+10
,,,,,,,,
,127,, / 145,,,,"Gerado em 03/04/24
22:00:00",
,,,,,,,,
,,,,,,,,
,Histórico de estoque,,,,,,,
,Data,Produto,,Código,Movimentação,,,Qtd
,11/01/2024 19:01,Monster Ultra 473ml,,73,Venda,,,-2
,11/01/2024 19:01,Monster Pipeline,,75,Venda,,,-2
,11/01/2024 18:36,Malboro Vista Purple,,41,Produto,,,+9
,11/01/2024 18:16,Stella 600ml ,,8,Corrigiu,,,14
,11/01/2024 18:06,Spaten 600ml ,,12,Corrigiu,,,13
,11/01/2024 17:58,Heineken 600ml,,4,Corrigiu,,,25
,11/01/2024 17:44,Heineken Latão,,3,Produto,,,+24
,11/01/2024 17:44,Heineken Zero 350ml,,2,Produto,,,+12
,11/01/2024 17:16,Baly Tropical 2L,,167,Venda,,,-1
,11/01/2024 16:51,Rothmans Global,,177,Venda,,,-1
,,,,,,,,
,128,, / 145,,,,"Gerado em 03/04/24
22:00:00",
,,,,,,,,
,,,,,,,,
,Histórico de estoque,,,,,,,
,Data,Produto,,Código,Movimentação,,,Qtd
,11/01/2024 16:41,Império Branca Latão,,31,Venda,,,-6
,11/01/2024 16:30,Coca Cola Zero 350ml,,56,Venda,,,-1
,11/01/2024 16:19,Coca Cola Zero 2L,,57,Venda,,,-2
,11/01/2024 15:36,Antarctica Latão,,14,Venda,,,-1
,11/01/2024 15:25,Coca Cola 2L,,58,Venda,,,-1
,11/01/2024 11:02,Isqueiro Max,,48,Venda,,,-2
,11/01/2024 01:17,Lucky Strike Vermelho,,43,Venda,,,-1
,11/01/2024 01:01,Ice Off 275ml,,78,Produto,,,+24
,11/01/2024 01:01,Água s/gás 510ml,,38,Produto,,,+24
,11/01/2024 01:01,Água c/gás 510ml,,35,Produto,,,+24
,,,,,,,,
,129,, / 145,,,,"Gerado em 03/04/24
22:00:00",
,,,,,,,,
,,,,,,,,
,Histórico de estoque,,,,,,,
,Data,Produto,,Código,Movimentação,,,Qtd
,11/01/2024 00:48,Heineken Latão,,3,Venda,,,-2
,11/01/2024 00:40,Fanta Laranja 2L,,63,Venda,,,-1
,11/01/2024 00:32,Pink Moon 600ml,,117,Venda,,,-1
,11/01/2024 00:20,Itaipava Latão,,28,Venda,,,-6
,11/01/2024 00:20,Dunhill Calton,,45,Venda,,,-1
,11/01/2024 00:02,Guaraná UAI 2L,,176,Venda,,,-1
,10/01/2024 23:52,Halls Preta,,94,Venda,,,-1
,10/01/2024 23:52,Trident Hortelã,,99,Venda,,,-1
,10/01/2024 23:52,Água c/gás 510ml,,35,Venda,,,-1
,10/01/2024 23:38,Itaipava Latão,,28,Venda,,,-3
,,,,,,,,
,130,, / 145,,,,"Gerado em 03/04/24
22:00:00",
,,,,,,,,
,,,,,,,,
,Histórico de estoque,,,,,,,
,Data,Produto,,Código,Movimentação,,,Qtd
,10/01/2024 23:35,Heineken 600ml,,4,Venda,,,-1
,10/01/2024 23:18,Rothmans Global,,177,Venda,,,-2
,10/01/2024 23:13,Coca Cola 2L,,58,Venda,,,-1
,10/01/2024 23:11,Coca Cola 2L,,58,Venda,,,-2
,10/01/2024 23:09,Stella Long Neck,,6,Venda,,,-5
,10/01/2024 22:56,Heineken Long Neck,,1,Venda,,,-8
,10/01/2024 22:56,Gelo 4Kg,,132,Venda,,,-1
,10/01/2024 22:41,Petra Latão,,30,Venda,,,-5
,10/01/2024 22:39,Itaipava Latão,,28,Venda,,,-6
,10/01/2024 22:35,Corote Ice Pink,,80,Venda,,,-1
,,,,,,,,
,131,, / 145,,,,"Gerado em 03/04/24
22:00:00",
,,,,,,,,
,,,,,,,,
,Histórico de estoque,,,,,,,
,Data,Produto,,Código,Movimentação,,,Qtd
,10/01/2024 22:35,Ice Off 275ml,,78,Venda,,,-3
,10/01/2024 22:18,Pirulito,,93,Venda,,,-2
,10/01/2024 22:14,Stella Long Neck,,6,Venda,,,-1
,10/01/2024 22:11,Heineken Latão,,3,Venda,,,-1
,10/01/2024 22:01,Monster Mango Loco 473ml,,74,Venda,,,-1
,10/01/2024 21:54,Malboro Vista Purple,,41,Venda,,,-1
,10/01/2024 21:54,Stella Long Neck,,6,Venda,,,-1
,10/01/2024 21:45,Itaipava Latão,,28,Venda,,,-3
,10/01/2024 21:15,Cachaça Chora Rita,,113,Venda,,,-1
,10/01/2024 21:14,Coca Cola 2L,,58,Venda,,,-1
,,,,,,,,
,132,, / 145,,,,"Gerado em 03/04/24
22:00:00",
,,,,,,,,
,,,,,,,,
,Histórico de estoque,,,,,,,
,Data,Produto,,Código,Movimentação,,,Qtd
,10/01/2024 21:07,Itaipava 1L,,29,Venda,,,-1
,10/01/2024 21:03,Heineken Long Neck,,1,Venda,,,-3
,10/01/2024 20:23,Coca Cola 2L Retornável,,60,Venda,,,-8
,10/01/2024 18:39,Rothmans Azul,,46,Venda,,,-1
,10/01/2024 18:35,Fanta Uva 2L,,65,Venda,,,-1
,10/01/2024 17:18,Gelo 4Kg,,132,Produto,,,+9
,10/01/2024 16:55,Cachaça Caranguejo 1L,,112,Venda,,,-2
,10/01/2024 16:04,Coca Cola 2L,,58,Venda,,,-1
,10/01/2024 15:26,Coca Cola Zero 2L,,57,Venda,,,-1
,10/01/2024 15:26,Itaipava Latão,,28,Venda,,,-2
,,,,,,,,
,133,, / 145,,,,"Gerado em 03/04/24
22:00:00",
,,,,,,,,
,,,,,,,,
,Histórico de estoque,,,,,,,
,Data,Produto,,Código,Movimentação,,,Qtd
,10/01/2024 15:25,Coca Cola Zero 2L,,57,Venda,,,-1
,10/01/2024 15:24,Coca Cola 350ml,,55,Venda,,,-1
,10/01/2024 15:24,Coca Cola 2L,,58,Venda,,,-1
,10/01/2024 01:17,Spaten Latão,,11,Venda,,,-2
,10/01/2024 01:03,Gelo de Coco,,118,Venda,,,-1
,10/01/2024 01:03,Guaraná UAI 2L,,176,Venda,,,-1
,10/01/2024 01:03,Start 2L,,71,Venda,,,-1
,10/01/2024 00:59,Itaipava Latão,,28,Venda,,,-3
,10/01/2024 00:51,Corote Limão,,114,Venda,,,-1
,10/01/2024 00:51,Rothmans Global,,177,Venda,,,-1
,,,,,,,,
,134,, / 145,,,,"Gerado em 03/04/24
22:00:00",
,,,,,,,,
,,,,,,,,
,Histórico de estoque,,,,,,,
,Data,Produto,,Código,Movimentação,,,Qtd
,10/01/2024 00:51,Itaipava Latão,,28,Venda,,,-3
,10/01/2024 00:48,Itaipava Latão,,28,Venda,,,-2
,10/01/2024 00:39,Amstel Latão,,26,Venda,,,-3
,10/01/2024 00:08,Itaipava Latão,,28,Venda,,,-3
,10/01/2024 00:01,Heineken Latão,,3,Venda,,,-1
,10/01/2024 00:01,Bala Halls Menta,,158,Venda,,,-1
,10/01/2024 00:01,Água c/gás 510ml,,35,Venda,,,-1
,10/01/2024 00:00,Coca Cola 2L,,58,Venda,,,-1
,09/01/2024 23:58,Coca Cola Zero 2L,,57,Venda,,,-1
,09/01/2024 23:57,Fandangos 37g,,88,Venda,,,-1
,,,,,,,,
,135,, / 145,,,,"Gerado em 03/04/24
22:00:00",
,,,,,,,,
,,,,,,,,
,Histórico de estoque,,,,,,,
,Data,Produto,,Código,Movimentação,,,Qtd
,09/01/2024 23:53,Heineken Latão,,3,Venda,,,-1
,09/01/2024 23:51,Cachaça Chora Rita,,113,Venda,,,-1
,09/01/2024 23:48,Guaraná UAI 2L,,176,Venda,,,-1
,09/01/2024 23:35,Itaipava Latão,,28,Venda,,,-3
,09/01/2024 23:00,Itaipava Latão,,28,Venda,,,-3
,09/01/2024 22:57,Coca Cola 2L Retornável,,60,Venda,,,-1
,09/01/2024 22:53,Água c/gás 510ml,,35,Venda,,,-3
,09/01/2024 22:20,Itaipava 1L,,29,Venda,,,-2
,09/01/2024 22:14,Itaipava Latão,,28,Venda,,,-3
,09/01/2024 21:43,Itaipava Latão,,28,Venda,,,-3
,,,,,,,,
,136,, / 145,,,,"Gerado em 03/04/24
22:00:00",
,,,,,,,,
,,,,,,,,
,Histórico de estoque,,,,,,,
,Data,Produto,,Código,Movimentação,,,Qtd
,09/01/2024 21:36,Água s/gás 510ml,,38,Venda,,,-4
,09/01/2024 21:35,Heineken Latão,,3,Venda,,,-2
,09/01/2024 21:35,Água c/gás 510ml,,35,Venda,,,-5
,09/01/2024 21:20,Itaipava Latão,,28,Venda,,,-3
,09/01/2024 20:35,Cachaça Chora Rita,,113,Venda,,,-1
,09/01/2024 20:35,RedBull 250ml,,70,Venda,,,-1
,09/01/2024 18:28,Guaraná UAI 2L,,176,Venda,,,-1
,09/01/2024 18:28,Budweiser Long Neck,,16,Venda,,,-1
,09/01/2024 15:30,Whisky Cavalo Branco 1L,,102,Produto,,,+2
,09/01/2024 15:30,Gin Therus 1L,,106,Produto,,,+2
,,,,,,,,
,137,, / 145,,,,"Gerado em 03/04/24
22:00:00",
,,,,,,,,
,,,,,,,,
,Histórico de estoque,,,,,,,
,Data,Produto,,Código,Movimentação,,,Qtd
,09/01/2024 15:30,Baly Tropical 2L,,167,Produto,,,+12
,09/01/2024 12:48,Fumo Trevo,,50,Venda,,,-1
,09/01/2024 12:48,Seda BB,,53,Venda,,,-1
,09/01/2024 02:50,Amstel 1L,,27,Venda,,,-4
,09/01/2024 02:44,Heineken 600ml (s/casco),,5,Venda,,,-3
,09/01/2024 02:42,Zumbitos Requeijão 100g,,191,Venda,,,-1
,09/01/2024 02:41,Stella Long Neck,,6,Venda,,,-1
,09/01/2024 02:41,Kit Kat ,,92,Venda,,,-1
,09/01/2024 02:41,Zumbitos Presunto 100g,,190,Venda,,,-1
,09/01/2024 02:41,Zumbitos Requeijão 100g,,191,Venda,,,-1
,,,,,,,,
,138,, / 145,,,,"Gerado em 03/04/24
22:00:00",
,,,,,,,,
,,,,,,,,
,Histórico de estoque,,,,,,,
,Data,Produto,,Código,Movimentação,,,Qtd
,09/01/2024 02:41,Zumbitos Churrasco 100g,,188,Venda,,,-1
,09/01/2024 02:41,Amstel 1L,,27,Venda,,,-3
,09/01/2024 01:11,Guaraná 350ml,,62,Venda,,,-1
,09/01/2024 01:11,Coca Cola 2L,,58,Venda,,,-1
,09/01/2024 01:11,Heineken Latão,,3,Venda,,,-12
,09/01/2024 00:57,Guaraná UAI 2L,,176,Venda,,,-1
,09/01/2024 00:32,Itaipava Latão,,28,Venda,,,-6
,09/01/2024 00:19,Zumbitos Churrasco 100g,,188,Venda,,,-1
,09/01/2024 00:06,Coca Cola Zero 2L,,57,Venda,,,-1
,08/01/2024 23:34,Corote Limão,,114,Venda,,,-1
,,,,,,,,
,139,, / 145,,,,"Gerado em 03/04/24
22:00:00",
,,,,,,,,
,,,,,,,,
,Histórico de estoque,,,,,,,
,Data,Produto,,Código,Movimentação,,,Qtd
,08/01/2024 23:26,Trident Hortelã,,99,Venda,,,-1
,08/01/2024 23:21,Guaraná UAI 2L,,176,Venda,,,-1
,08/01/2024 23:18,Corote Ice Sex on the Beach,,153,Venda,,,-1
,08/01/2024 23:18,Antarctica Latão,,14,Venda,,,-3
,08/01/2024 23:05,Heineken Latão,,3,Venda,,,-1
,08/01/2024 22:44,Ice Off 275ml,,78,Venda,,,-3
,08/01/2024 22:27,Monster Ultra 473ml,,73,Venda,,,-1
,08/01/2024 22:08,Cachaça Chora Rita,,113,Venda,,,-1
,08/01/2024 22:07,Heineken Long Neck,,1,Venda,,,-2
,08/01/2024 21:51,Guaraná UAI 2L,,176,Venda,,,-1
,,,,,,,,
,140,, / 145,,,,"Gerado em 03/04/24
22:00:00",
,,,,,,,,
,,,,,,,,
,Histórico de estoque,,,,,,,
,Data,Produto,,Código,Movimentação,,,Qtd
,08/01/2024 21:39,Souza Paiol,,40,Venda,,,-1
,08/01/2024 21:32,Heineken Long Neck,,1,Venda,,,-1
,08/01/2024 21:31,Itaipava Latão,,28,Venda,,,-6
,08/01/2024 21:21,Itaipava Latão,,28,Venda,,,-3
,08/01/2024 21:13,Heineken Latão,,3,Venda,,,-2
,08/01/2024 21:13,Corote Limão,,114,Venda,,,-1
,08/01/2024 21:13,Cachaça Chora Rita,,113,Venda,,,-1
,08/01/2024 20:59,Água Tônica 1L,,37,Venda,,,-1
,08/01/2024 20:59,Coca Cola 2L Retornável,,60,Venda,,,-1
,08/01/2024 20:56,Coca Cola 2L Retornável,,60,Venda,,,-2
,,,,,,,,
,141,, / 145,,,,"Gerado em 03/04/24
22:00:00",
,,,,,,,,
,,,,,,,,
,Histórico de estoque,,,,,,,
,Data,Produto,,Código,Movimentação,,,Qtd
,08/01/2024 20:49,Coca Cola 350ml,,55,Produto,,,+12
,08/01/2024 20:49,Guaraná 350ml,,62,Produto,,,+12
,08/01/2024 20:48,Ice Off 275ml,,78,Produto,,,+35
,08/01/2024 20:48,Whisky Ballantine's 1L,,104,Produto,,,+2
,08/01/2024 20:48,Cachaça Chora Rita,,113,Produto,,,+24
,08/01/2024 20:38,Rothmans Global,,177,Venda,,,-1
,08/01/2024 20:34,Itaipava Latão,,28,Venda,,,-1
,08/01/2024 20:13,Coca Cola 2L Retornável,,60,Venda,,,-1
,08/01/2024 18:42,Coca Cola Retornável 2L (s/casco),,59,Venda,,,-1
,08/01/2024 18:35,Cachaça Chora Rita,,113,Venda,,,-1
,,,,,,,,
,142,, / 145,,,,"Gerado em 03/04/24
22:00:00",
,,,,,,,,
,,,,,,,,
,Histórico de estoque,,,,,,,
,Data,Produto,,Código,Movimentação,,,Qtd
,08/01/2024 18:33,Cachaça Chora Rita,,113,Venda,,,-1
,08/01/2024 18:28,Isqueiro Mini,,49,Venda,,,-1
,08/01/2024 18:28,Rothmans Global,,177,Venda,,,-1
,08/01/2024 18:28,Isqueiro Max,,48,Venda,,,-1
,08/01/2024 18:25,Guaraná UAI 2L,,176,Venda,,,-1
,08/01/2024 18:14,Sprite 2L,,146,Venda,,,-1
,07/01/2024 04:59,Vodka Absolut 1L,,172,Produto,,,+1
,05/01/2024 14:58,Monster Pipeline,,75,Produto,,,+6
,05/01/2024 14:58,Fanta Uva 350ml,,66,Produto,,,+12
,05/01/2024 14:58,Fanta Uva 2L,,65,Produto,,,+12
,,,,,,,,
,143,, / 145,,,,"Gerado em 03/04/24
22:00:00",
,,,,,,,,
,,,,,,,,
,Histórico de estoque,,,,,,,
,Data,Produto,,Código,Movimentação,,,Qtd
,05/01/2024 14:58,Fanta Laranja 2L,,63,Produto,,,+11
,05/01/2024 14:58,Coca Cola Zero 2L,,57,Produto,,,+6
,05/01/2024 14:58,Coca Cola Zero 350ml,,56,Produto,,,+12
,05/01/2024 14:44,Gudang,,149,Produto,,,+10
,05/01/2024 14:43,Paçoca,,96,Produto,,,+50
,05/01/2024 14:42,Pirulito,,93,Produto,,,+49
,05/01/2024 14:39,Big Big,,150,Produto,,,+99
,05/01/2024 14:31,Zumbitos Costela na brasa 100g,,189,Produto,,,+9
,05/01/2024 14:31,Zumbitos Requeijão 100g,,191,Produto,,,+9
,05/01/2024 14:30,Zumbitos Presunto 100g,,190,Produto,,,+9
,,,,,,,,
,144,, / 145,,,,"Gerado em 03/04/24
22:00:00",
,,,,,,,,
,,,,,,,,
,Histórico de estoque,,,,,,,
,Data,Produto,,Código,Movimentação,,,Qtd
,05/01/2024 14:28,Zumbitos Churrasco 100g,,188,Produto,,,+9
,05/01/2024 14:27,Zumbitos Cheddar e Bacon 100g,,187,Corrigiu,,,9
,05/01/2024 14:26,Zumbitos Cebola 100g,,186,Produto,,,+9
,,,,,,,,
,145,, / 145,,,,"Gerado em 03/04/24
22:00:00",
